customerId,firstName,lastName,email,gender,contactNo,country,dateOfBirth
1,Eleanore,Watmough,ewatmough0@linkedin.com,Female,1891342312,Russia,10/18/2024
2,Pate,O'Devey,podevey1@bing.com,Male,9381928487,Philippines,5/9/2024
3,Emilia,Tummasutti,etummasutti2@wikispaces.com,Female,8553841871,Canada,2/8/2024
4,Cosimo,Aspey,caspey3@archive.org,Male,1645067688,China,11/14/2024
5,Niel,Kiddie,nkiddie4@chron.com,Agender,9289755326,Kiribati,9/18/2024
6,Birgit,Shurman,bshurman5@zimbio.com,Female,5724434695,Sweden,2/13/2024
7,Grove,Guitt,gguitt6@pbs.org,Male,8679299898,Jordan,10/26/2024
8,Marja,Treece,mtreece7@microsoft.com,Female,8620932632,Croatia,3/2/2024
9,Glori,Pegg,gpegg8@weibo.com,Female,7640147808,Indonesia,7/11/2024
10,Alfonse,Kemball,akemball9@home.pl,Male,2796512614,Philippines,6/15/2024
11,Arliene,Lebarree,alebarreea@webeden.co.uk,Female,1670070646,Palestinian Territory,6/5/2024
12,Lara,Neilands,lneilandsb@xing.com,Female,3703571500,United States,2/23/2024
13,Yoshi,Skoughman,yskoughmanc@marketwatch.com,Female,8847097053,Nigeria,5/17/2024
14,Arney,Brisset,abrissetd@altervista.org,Male,6184402056,Croatia,4/10/2024
15,Lon,Zealy,lzealye@cnet.com,Male,2039226303,Syria,4/25/2024
16,Holt,De La Haye,hdelahayef@boston.com,Male,7404654521,China,9/9/2024
17,Mannie,Ferrai,mferraig@tmall.com,Male,3371875741,Paraguay,2/15/2024
18,Jo,Valek,jvalekh@weibo.com,Male,1635765218,China,7/16/2024
19,Chantalle,Zaple,czaplei@wiley.com,Female,5762090779,Argentina,1/26/2024
20,Franz,Palek,fpalekj@theglobeandmail.com,Male,5658934494,Poland,8/6/2024
21,Yuma,Willmot,ywillmotk@yelp.com,Male,7551194398,Philippines,6/10/2024
22,Opaline,Pelz,opelzl@nps.gov,Female,2897092149,Afghanistan,8/10/2024
23,Beau,Flinders,bflindersm@twitpic.com,Male,6869351015,Greece,10/21/2024
24,Ozzy,Laurenz,olaurenzn@unesco.org,Male,7767595943,Botswana,8/26/2024
25,Hy,Dering,hderingo@gnu.org,Male,8043784388,Serbia,11/19/2024
26,Si,Valance,svalancep@cisco.com,Male,6918325051,Netherlands,12/8/2023
27,Datha,Bascomb,dbascombq@joomla.org,Female,9617686902,China,5/6/2024
28,Giorgi,Halhead,ghalheadr@pbs.org,Male,7330212482,China,11/26/2023
29,Melitta,Shelf,mshelfs@csmonitor.com,Female,7946294786,Indonesia,11/6/2024
30,Emmery,Reddyhoff,ereddyhofft@ow.ly,Male,1982269383,Indonesia,12/28/2023
31,Vivi,Browell,vbrowellu@google.co.uk,Female,8330255352,Indonesia,4/4/2024
32,Gustavo,Acres,gacresv@ft.com,Male,4742452577,Thailand,2/20/2024
33,Guenna,Babber,gbabberw@yelp.com,Female,6636670827,Poland,4/18/2024
34,Zollie,Extal,zextalx@blogs.com,Male,9489474479,Croatia,7/25/2024
35,Rose,Hexum,rhexumy@github.io,Female,8392395662,Peru,8/13/2024
36,Jermaine,Adamsky,jadamskyz@blinklist.com,Bigender,8105244551,Indonesia,7/14/2024
37,Fayth,Linskey,flinskey10@topsy.com,Female,7312753671,Indonesia,9/16/2024
38,Shara,Quinane,squinane11@sourceforge.net,Female,9207577976,China,8/14/2024
39,Vonny,Ledbetter,vledbetter12@meetup.com,Polygender,2625290137,Greece,8/4/2024
40,Arleta,Bewlay,abewlay13@myspace.com,Female,5101945161,Honduras,2/14/2024
41,Templeton,Redgewell,tredgewell14@google.cn,Male,4872001095,Indonesia,11/27/2023
42,Kylie,Vanshin,kvanshin15@bloglovin.com,Female,7774142959,Indonesia,8/23/2024
43,Andriette,Hinken,ahinken16@woothemes.com,Female,6440819461,Indonesia,10/12/2024
44,Brit,Poon,bpoon17@vistaprint.com,Male,2334680931,Czech Republic,3/15/2024
45,Brittani,Quinn,bquinn18@nasa.gov,Female,6387938635,China,12/6/2023
46,Remy,Oxburgh,roxburgh19@accuweather.com,Female,7333208559,China,1/26/2024
47,Jackelyn,Counihan,jcounihan1a@wp.com,Female,2404131052,Philippines,2/12/2024
48,Cyb,Hamblin,chamblin1b@youku.com,Polygender,2377612423,Portugal,7/21/2024
49,Cordy,Oswell,coswell1c@comcast.net,Female,1362823686,Uruguay,2/28/2024
50,Abdel,Hansell,ahansell1d@europa.eu,Male,6399505186,Ecuador,7/9/2024
51,Tandie,Rapson,trapson1e@usatoday.com,Genderfluid,8756788738,Iran,3/15/2024
52,Waly,Laytham,wlaytham1f@slideshare.net,Female,5461387632,Indonesia,7/3/2024
53,Bay,Hawtrey,bhawtrey1g@stumbleupon.com,Male,8765663993,Czech Republic,3/18/2024
54,Clementina,Buer,cbuer1h@bbb.org,Female,0103854304,Czech Republic,3/24/2024
55,Shaine,Drummer,sdrummer1i@livejournal.com,Male,9402702164,Greece,5/8/2024
56,Matteo,Oakhill,moakhill1j@disqus.com,Male,2850181188,Russia,11/22/2023
57,Lionello,Cockett,lcockett1k@people.com.cn,Male,5027508840,Indonesia,10/6/2024
58,Huntington,Adenot,hadenot1l@mac.com,Male,6794176289,Guatemala,9/17/2024
59,Gerry,Klambt,gklambt1m@bloglovin.com,Female,2310999393,South Korea,10/26/2024
60,Ola,Ebbens,oebbens1n@amazon.com,Female,1241086133,Russia,9/30/2024
61,Alejandra,Stoodley,astoodley1o@themeforest.net,Female,4293982558,China,9/5/2024
62,Hally,Mindenhall,hmindenhall1p@elegantthemes.com,Female,6770334062,Tajikistan,4/20/2024
63,Daune,Benjafield,dbenjafield1q@ebay.com,Female,1511004355,Portugal,4/10/2024
64,Lexine,Tear,ltear1r@topsy.com,Female,7071920354,Indonesia,10/27/2024
65,Chad,Woodrup,cwoodrup1s@hexun.com,Genderfluid,1586042068,Czech Republic,8/13/2024
66,Kliment,Klimkiewich,kklimkiewich1t@upenn.edu,Male,0343867958,China,12/28/2023
67,Pru,Maclaine,pmaclaine1u@tiny.cc,Agender,6511378594,Canada,12/30/2023
68,Noby,Willshee,nwillshee1v@craigslist.org,Male,5995725017,Palestinian Territory,7/27/2024
69,Jo,Wilcinskis,jwilcinskis1w@usnews.com,Male,6139386020,Peru,2/8/2024
70,Roseanne,Houldey,rhouldey1x@mozilla.com,Genderqueer,8141132288,Indonesia,11/5/2024
71,Franky,Vasyanin,fvasyanin1y@microsoft.com,Female,6672911502,China,2/10/2024
72,Yul,Crucetti,ycrucetti1z@tripadvisor.com,Male,1405209569,China,4/20/2024
73,Lou,Lamblot,llamblot20@plala.or.jp,Female,7074102067,Palestinian Territory,8/26/2024
74,Scottie,Gotthard,sgotthard21@alibaba.com,Male,5729498977,Iran,2/3/2024
75,Hort,Skeemer,hskeemer22@eventbrite.com,Male,3581641585,South Korea,12/2/2023
76,Cobby,Chrispin,cchrispin23@goodreads.com,Male,2826555804,Dominican Republic,12/4/2023
77,Celia,Jeaffreson,cjeaffreson24@wikimedia.org,Polygender,0968207545,Mongolia,3/4/2024
78,Nicolas,Hutchinson,nhutchinson25@stumbleupon.com,Male,0857290916,Peru,12/2/2023
79,Janie,MacKee,jmackee26@elpais.com,Bigender,8704169352,Indonesia,7/10/2024
80,Cherry,Cazalet,ccazalet27@instagram.com,Female,4357167426,Indonesia,9/3/2024
81,Erhart,Pykett,epykett28@epa.gov,Male,2184552402,Thailand,9/9/2024
82,Danell,Meardon,dmeardon29@adobe.com,Female,8591024818,Honduras,10/31/2024
83,Jorey,Skelly,jskelly2a@dedecms.com,Female,4471902032,Indonesia,7/13/2024
84,Tomasine,Cote,tcote2b@blogs.com,Female,0115248145,Sweden,2/14/2024
85,Justino,Robbert,jrobbert2c@marriott.com,Male,6762014003,Palestinian Territory,9/9/2024
86,Mab,Eaves,meaves2d@mozilla.org,Female,7409685158,Indonesia,6/9/2024
87,Leonore,Gothard,lgothard2e@sun.com,Female,1548508713,Poland,1/15/2024
88,Wandis,Grigolli,wgrigolli2f@histats.com,Female,2462819614,Indonesia,7/26/2024
89,Edgardo,Malcher,emalcher2g@goodreads.com,Male,9883517343,Russia,10/26/2024
90,Brandon,Willcock,bwillcock2h@nydailynews.com,Male,2821962207,China,12/4/2023
91,Glen,Blincowe,gblincowe2i@phoca.cz,Male,9255402617,Portugal,2/2/2024
92,Kass,Leney,kleney2j@multiply.com,Female,0789449862,Mali,11/24/2023
93,Olivette,Roan,oroan2k@mysql.com,Female,5450726864,Pakistan,3/31/2024
94,Tiffany,McEwen,tmcewen2l@bloglines.com,Female,3572732883,China,8/25/2024
95,Margette,Stickins,mstickins2m@nps.gov,Female,0246389044,Ghana,5/31/2024
96,Elisa,Brandli,ebrandli2n@devhub.com,Female,5841829068,France,5/1/2024
97,Almeria,Staziker,astaziker2o@goo.ne.jp,Female,1287844561,China,7/14/2024
98,Isak,Ellens,iellens2p@so-net.ne.jp,Male,1253363730,Indonesia,3/25/2024
99,Shanna,Ollenbuttel,sollenbuttel2q@list-manage.com,Female,3105201351,Ukraine,7/27/2024
100,Demetrius,Beaten,dbeaten2r@globo.com,Male,2701519055,China,8/11/2024
101,Angelo,Jay,ajay2s@bloomberg.com,Male,5277063447,Netherlands,6/8/2024
102,Lynnelle,Grzelak,lgrzelak2t@google.fr,Female,0861262220,Indonesia,7/21/2024
103,Bathsheba,Scourgie,bscourgie2u@zimbio.com,Female,4502228540,Syria,9/20/2024
104,Archibold,Quarrell,aquarrell2v@epa.gov,Male,7543677660,Czech Republic,1/14/2024
105,Marney,Sturzaker,msturzaker2w@mlb.com,Female,2714759297,Democratic Republic of the Congo,10/29/2024
106,Dur,Espinazo,despinazo2x@answers.com,Male,4052800486,Portugal,6/6/2024
107,Inna,D'eye,ideye2y@360.cn,Female,3860505254,South Korea,9/29/2024
108,Devora,Lafond,dlafond2z@forbes.com,Non-binary,0669444049,Philippines,2/6/2024
109,George,Chazelas,gchazelas30@stanford.edu,Female,4069417230,Philippines,1/18/2024
110,Horatio,Poley,hpoley31@ocn.ne.jp,Agender,9604770047,New Zealand,7/14/2024
111,Allis,Tweede,atweede32@networkadvertising.org,Female,8220425989,Malaysia,8/5/2024
112,Shelba,Dahlen,sdahlen33@mediafire.com,Female,4774602000,Brazil,7/21/2024
113,Dur,Fransemai,dfransemai34@linkedin.com,Male,9555831505,Indonesia,2/7/2024
114,Eldin,Guyet,eguyet35@chicagotribune.com,Male,8736384526,China,11/9/2024
115,Sansone,Woolger,swoolger36@taobao.com,Male,0690055013,China,9/18/2024
116,Obadiah,Cumbridge,ocumbridge37@purevolume.com,Male,0108601749,Indonesia,9/13/2024
117,Brandy,Brettel,bbrettel38@ocn.ne.jp,Female,8341433486,United States,11/5/2024
118,Gilbertine,Hacksby,ghacksby39@taobao.com,Female,3619171793,Sweden,1/9/2024
119,Kaia,Molnar,kmolnar3a@geocities.com,Female,1575141302,Luxembourg,9/5/2024
120,Martie,Esel,mesel3b@ted.com,Male,7963623539,Croatia,9/9/2024
121,Hasty,Blumire,hblumire3c@quantcast.com,Male,6922363647,Indonesia,6/22/2024
122,Susy,Ziehm,sziehm3d@columbia.edu,Female,6245861276,Czech Republic,1/25/2024
123,Bryna,Studdard,bstuddard3e@howstuffworks.com,Female,8626443293,Poland,6/2/2024
124,Pollyanna,Vasenin,pvasenin3f@symantec.com,Female,7219450575,Syria,2/3/2024
125,Selie,L'Episcopi,slepiscopi3g@disqus.com,Female,5383633626,China,6/4/2024
126,Casey,Toller,ctoller3h@lycos.com,Female,5704645518,China,7/13/2024
127,Florance,Ferreo,fferreo3i@squarespace.com,Female,1606569473,Indonesia,2/19/2024
128,Karlis,Wilcox,kwilcox3j@parallels.com,Male,5236040965,Syria,4/2/2024
129,Travus,Shaw,tshaw3k@nps.gov,Male,5075502652,Indonesia,11/18/2024
130,Aubrey,Swanton,aswanton3l@theglobeandmail.com,Male,7941992248,Philippines,7/23/2024
131,Augustine,Durward,adurward3m@ibm.com,Genderfluid,5105547268,China,11/14/2024
132,Aldrich,Purcell,apurcell3n@techcrunch.com,Male,2769733664,Ukraine,11/25/2023
133,Adara,Neely,aneely3o@studiopress.com,Female,1881593266,Ukraine,7/22/2024
134,Debor,Rabjohn,drabjohn3p@t-online.de,Female,0386480672,Spain,11/6/2024
135,Neal,Beare,nbeare3q@odnoklassniki.ru,Male,3753242519,Thailand,7/18/2024
136,Em,Swaddle,eswaddle3r@baidu.com,Bigender,7093756786,Jordan,6/23/2024
137,Randene,Kirkhouse,rkirkhouse3s@webmd.com,Female,9024827124,China,11/10/2024
138,Yoshi,Wayland,ywayland3t@yandex.ru,Female,3729105361,China,7/3/2024
139,Prescott,Czajka,pczajka3u@shop-pro.jp,Male,1343108241,Portugal,11/12/2024
140,Sybille,Niles,sniles3v@youtube.com,Female,9128750136,Nigeria,8/28/2024
141,Michelina,Scowcroft,mscowcroft3w@theatlantic.com,Female,4423730081,Sweden,6/21/2024
142,Zerk,Richie,zrichie3x@lulu.com,Male,9821048641,Thailand,4/22/2024
143,Akim,Raphael,araphael3y@skyrock.com,Male,2767316039,Czech Republic,4/21/2024
144,Merralee,Tiernan,mtiernan3z@army.mil,Female,0420826459,Nigeria,11/2/2024
145,Gaby,Teodori,gteodori40@blogger.com,Female,0664169015,Sweden,1/29/2024
146,Astra,De Clairmont,adeclairmont41@apache.org,Female,4984630191,China,7/27/2024
147,Maye,Ivasechko,mivasechko42@networksolutions.com,Female,9026384939,Indonesia,10/16/2024
148,Tab,Muckian,tmuckian43@jugem.jp,Male,5629393537,Argentina,10/31/2024
149,Carey,Momford,cmomford44@mashable.com,Male,9597754428,Peru,5/27/2024
150,Marla,Gibling,mgibling45@domainmarket.com,Female,2872224696,North Korea,4/12/2024
151,Jamison,Bundy,jbundy46@gov.uk,Male,0444050949,Latvia,11/10/2024
152,Franky,Rigg,frigg47@hao123.com,Male,3392699381,China,5/21/2024
153,Ertha,Bartol,ebartol48@parallels.com,Female,0107844559,China,4/19/2024
154,Odey,Giamo,ogiamo49@cornell.edu,Male,3593419009,Russia,1/31/2024
155,Francesco,Baunton,fbaunton4a@artisteer.com,Male,4194190289,France,6/19/2024
156,Garth,Wolfenden,gwolfenden4b@shutterfly.com,Male,6895835776,France,1/31/2024
157,Raul,Surmeyer,rsurmeyer4c@alibaba.com,Male,5993624779,Ukraine,7/9/2024
158,Camel,Broxis,cbroxis4d@opera.com,Female,4912141666,Philippines,6/24/2024
159,Agnola,MacCrachen,amaccrachen4e@umn.edu,Female,9862262931,United States,2/8/2024
160,Clemmy,Whittet,cwhittet4f@wikia.com,Male,4883845516,China,11/23/2023
161,Josephine,Shernock,jshernock4g@reference.com,Female,2894637616,China,3/18/2024
162,Kirby,Ondrusek,kondrusek4h@qq.com,Female,8984577499,Philippines,9/17/2024
163,Zsa zsa,Torricella,ztorricella4i@wired.com,Female,7197497442,Indonesia,4/2/2024
164,Paulita,Renouf,prenouf4j@amazon.co.jp,Female,3200611146,United Arab Emirates,6/13/2024
165,Efren,Greyes,egreyes4k@cafepress.com,Male,2390911765,Philippines,3/22/2024
166,Tybalt,Base,tbase4l@xing.com,Male,4906705855,Brazil,8/9/2024
167,Nolana,Gokes,ngokes4m@princeton.edu,Female,0254327885,Philippines,8/2/2024
168,Shermy,Mellish,smellish4n@nih.gov,Male,8934114061,Bolivia,12/12/2023
169,Em,Higgen,ehiggen4o@istockphoto.com,Male,2188850440,Japan,11/28/2023
170,Delmar,Howkins,dhowkins4p@networksolutions.com,Male,1423087348,United States,10/13/2024
171,Theobald,Gildroy,tgildroy4q@parallels.com,Male,3461087173,Russia,12/17/2023
172,Kimble,Ventam,kventam4r@si.edu,Male,2295274168,United States,4/2/2024
173,Denise,Sharpless,dsharpless4s@privacy.gov.au,Female,3105024115,Angola,9/12/2024
174,Darren,Silbersak,dsilbersak4t@army.mil,Male,5523715077,Poland,6/1/2024
175,Bernetta,Espley,bespley4u@thetimes.co.uk,Female,0737023139,Morocco,4/16/2024
176,Shaina,Setchfield,ssetchfield4v@4shared.com,Female,9492558521,Bulgaria,11/23/2023
177,Bren,Beavers,bbeavers4w@nhs.uk,Male,0191095370,Tunisia,2/12/2024
178,Kendell,Shevlan,kshevlan4x@businesswire.com,Male,8926917541,Ivory Coast,3/16/2024
179,Kara-lynn,McDonand,kmcdonand4y@meetup.com,Female,1542891418,Suriname,4/28/2024
180,Olvan,Sahlstrom,osahlstrom4z@squidoo.com,Male,5372822015,South Africa,8/12/2024
181,Hillyer,Draycott,hdraycott50@phoca.cz,Male,7586460124,France,10/23/2024
182,Rafi,Montez,rmontez51@plala.or.jp,Male,9823679088,Indonesia,2/26/2024
183,Tan,McRitchie,tmcritchie52@ifeng.com,Genderfluid,5377529391,Russia,7/29/2024
184,Murdoch,Tuck,mtuck53@noaa.gov,Male,7687382455,China,7/15/2024
185,Grier,Tuxill,gtuxill54@typepad.com,Female,9999178146,Bolivia,3/26/2024
186,Ephrayim,Keyzor,ekeyzor55@globo.com,Male,5620605426,Argentina,9/11/2024
187,Mace,Goghin,mgoghin56@weebly.com,Male,6712306582,Greece,8/21/2024
188,Renata,Eland,reland57@google.cn,Female,7260528702,Serbia,5/29/2024
189,Rudolfo,Hubbins,rhubbins58@hexun.com,Male,2400441545,Bulgaria,6/19/2024
190,Jaquelyn,Goodfield,jgoodfield59@4shared.com,Female,7702442492,China,3/24/2024
191,Grover,Tidy,gtidy5a@pagesperso-orange.fr,Male,8926395286,Botswana,3/14/2024
192,Gan,Bonallick,gbonallick5b@godaddy.com,Male,0476391156,Indonesia,9/17/2024
193,Geralda,Boice,gboice5c@census.gov,Bigender,4499354889,China,1/31/2024
194,Antin,Elsmore,aelsmore5d@nih.gov,Male,6772388143,China,7/7/2024
195,Abigail,Batterham,abatterham5e@bravesites.com,Female,2713685559,Peru,11/5/2024
196,Hercule,Bockler,hbockler5f@vk.com,Male,8731915310,Egypt,8/17/2024
197,Halli,Ellery,hellery5g@sciencedirect.com,Female,8555641462,Indonesia,2/15/2024
198,Cyril,Darch,cdarch5h@behance.net,Male,6053087777,Sweden,4/9/2024
199,Vick,Legon,vlegon5i@slate.com,Male,0492869995,China,5/17/2024
200,Danyette,Mills,dmills5j@apple.com,Female,9410734568,Norway,2/19/2024
201,Taddeusz,Vatini,tvatini5k@twitpic.com,Male,6153297307,Philippines,3/23/2024
202,Webster,Scurr,wscurr5l@networksolutions.com,Male,9464037830,Sweden,8/19/2024
203,Asa,Warburton,awarburton5m@sfgate.com,Male,9298805942,China,6/25/2024
204,Keefe,Spratley,kspratley5n@printfriendly.com,Male,8305174077,Nigeria,6/5/2024
205,Judas,Orford,jorford5o@sun.com,Male,2143070969,Hungary,9/3/2024
206,Halsy,Denniss,hdenniss5p@histats.com,Male,9825781491,Bulgaria,1/10/2024
207,Devlen,Mobberley,dmobberley5q@tripadvisor.com,Male,5308756260,Mozambique,4/24/2024
208,Annnora,Mattheeuw,amattheeuw5r@ed.gov,Female,8517231155,Afghanistan,6/13/2024
209,Ginger,Salazar,gsalazar5s@dailymail.co.uk,Male,4169489101,Burkina Faso,6/15/2024
210,Courtnay,Donnersberg,cdonnersberg5t@virginia.edu,Polygender,2794783750,Sweden,1/4/2024
211,Pooh,Macy,pmacy5u@blinklist.com,Female,8024340534,Panama,3/17/2024
212,Xever,Lieb,xlieb5v@livejournal.com,Male,8643834688,Panama,2/16/2024
213,Elena,Sandwick,esandwick5w@weather.com,Female,6025893020,China,4/6/2024
214,Coreen,Buterton,cbuterton5x@deliciousdays.com,Female,2233280458,Iraq,12/20/2023
215,Karel,Downer,kdowner5y@state.tx.us,Female,9304923883,Poland,10/23/2024
216,Sharai,Goodfield,sgoodfield5z@youku.com,Female,2443481158,Chile,12/30/2023
217,Taddeusz,Dmytryk,tdmytryk60@abc.net.au,Male,5658038332,Ukraine,5/20/2024
218,Gavra,Laurenceau,glaurenceau61@spotify.com,Female,2838463209,Vietnam,10/11/2024
219,York,Kinnett,ykinnett62@guardian.co.uk,Male,6444201101,Serbia,11/17/2024
220,Ardis,Yaneev,ayaneev63@hc360.com,Female,8040536820,Indonesia,5/16/2024
221,Agata,Wattins,awattins64@twitter.com,Female,6955378880,Portugal,3/12/2024
222,Joseito,Dunton,jdunton65@soup.io,Male,5297527651,Japan,1/8/2024
223,Gianni,Burnyeat,gburnyeat66@icq.com,Male,7498431963,Philippines,6/8/2024
224,Jonie,Mylan,jmylan67@ycombinator.com,Female,5489316349,Greece,6/18/2024
225,Carson,Tousy,ctousy68@google.com.hk,Male,7572644767,Indonesia,10/14/2024
226,Stearn,MacUchadair,smacuchadair69@wix.com,Male,3575493049,China,11/3/2024
227,Sol,Le Blanc,sleblanc6a@purevolume.com,Male,1187693537,New Zealand,8/20/2024
228,Sarita,Rosiello,srosiello6b@ocn.ne.jp,Female,9750511573,China,7/1/2024
229,Tonie,Painswick,tpainswick6c@example.com,Female,0345556917,Tunisia,4/29/2024
230,Graig,Mugridge,gmugridge6d@behance.net,Male,2413693475,Argentina,3/20/2024
231,Hughie,Lambdean,hlambdean6e@google.nl,Male,1672936039,Albania,5/24/2024
232,Kristine,Mallabund,kmallabund6f@google.ru,Female,8775868598,Japan,1/28/2024
233,Ethel,Wetwood,ewetwood6g@altervista.org,Female,0441776256,Canada,11/13/2024
234,Binni,Guwer,bguwer6h@about.me,Female,8861977677,Serbia,4/14/2024
235,Tallulah,Maysor,tmaysor6i@china.com.cn,Female,0293763593,Russia,12/30/2023
236,Allard,Oliffe,aoliffe6j@skype.com,Male,7087171941,Sweden,3/2/2024
237,Vachel,Grigore,vgrigore6k@craigslist.org,Male,4636978943,Indonesia,4/12/2024
238,Collie,Sirett,csirett6l@uol.com.br,Female,5980416404,Peru,3/5/2024
239,Peggy,Hazlewood,phazlewood6m@wikimedia.org,Female,1939531918,Japan,12/4/2023
240,Hillie,Boorn,hboorn6n@lulu.com,Male,8279323511,Brazil,5/14/2024
241,Malinda,Tue,mtue6o@ezinearticles.com,Female,1085243117,Belarus,3/13/2024
242,Peta,McIllroy,pmcillroy6p@typepad.com,Female,4844249061,Russia,9/3/2024
243,Julian,Rushmer,jrushmer6q@nytimes.com,Male,1692789600,Portugal,1/27/2024
244,Inge,Pendergrast,ipendergrast6r@bbc.co.uk,Bigender,3260818960,France,2/25/2024
245,Koralle,Bentham,kbentham6s@canalblog.com,Female,8289762208,Portugal,7/19/2024
246,Gavrielle,Catmull,gcatmull6t@hugedomains.com,Female,7879036954,China,4/10/2024
247,Bobbee,Larroway,blarroway6u@mozilla.com,Female,5084549771,China,11/19/2024
248,Dorian,Cutridge,dcutridge6v@mashable.com,Male,5569140743,Egypt,4/11/2024
249,Aguie,Flott,aflott6w@ycombinator.com,Male,2978770465,Chile,10/20/2024
250,Inness,Billing,ibilling6x@fastcompany.com,Male,1373501707,Ukraine,9/14/2024
251,Rozamond,Savaage,rsavaage6y@fda.gov,Genderqueer,1129450570,Indonesia,7/17/2024
252,Westleigh,Kevern,wkevern6z@taobao.com,Male,5026692796,Indonesia,3/25/2024
253,Devin,Hambridge,dhambridge70@ibm.com,Male,7400592688,Greece,3/18/2024
254,Mignonne,Overil,moveril71@samsung.com,Female,1982983531,Montenegro,1/7/2024
255,Jamil,Kaveney,jkaveney72@patch.com,Male,1842787292,Ireland,6/18/2024
256,Maurise,Bulle,mbulle73@blogs.com,Female,6825449966,Japan,5/31/2024
257,Humphrey,Kuhnt,hkuhnt74@wix.com,Male,0437550680,Brazil,5/5/2024
258,Iorgo,Fragino,ifragino75@merriam-webster.com,Male,1620120399,Guatemala,10/14/2024
259,Collin,Trethewey,ctrethewey76@msu.edu,Male,3770957156,France,4/29/2024
260,Nestor,Tassell,ntassell77@unesco.org,Male,3188870248,Japan,5/21/2024
261,Odetta,Barnfather,obarnfather78@independent.co.uk,Genderfluid,4935101652,China,2/23/2024
262,Pooh,Formigli,pformigli79@clickbank.net,Male,1470169452,China,3/3/2024
263,Rivalee,Cliss,rcliss7a@army.mil,Female,7004676110,Morocco,6/9/2024
264,Rufe,Fenemore,rfenemore7b@biglobe.ne.jp,Male,0730197085,China,8/25/2024
265,Merrielle,Peile,mpeile7c@sciencedaily.com,Female,7958276656,China,11/23/2023
266,Janka,Simson,jsimson7d@t.co,Female,1081590297,France,1/25/2024
267,Jerrome,Bortolozzi,jbortolozzi7e@samsung.com,Male,7680651787,Indonesia,5/4/2024
268,Pedro,Burd,pburd7f@unicef.org,Male,1251445608,Philippines,4/3/2024
269,Darby,Richardson,drichardson7g@ibm.com,Male,9838985678,France,10/5/2024
270,Chuck,Haines,chaines7h@xinhuanet.com,Male,3180738111,Lesotho,8/9/2024
271,Barty,Greenin,bgreenin7i@tamu.edu,Male,6406141261,China,6/17/2024
272,Tammi,McClune,tmcclune7j@aol.com,Female,7268723563,Argentina,1/2/2024
273,Davina,Baird,dbaird7k@twitter.com,Female,2897286083,China,8/12/2024
274,Adam,Dawkins,adawkins7l@ed.gov,Male,3211888454,Peru,12/9/2023
275,Pattie,Takis,ptakis7m@1688.com,Female,0893872180,Philippines,1/17/2024
276,Jessey,Havard,jhavard7n@theatlantic.com,Male,3115225164,Sweden,4/12/2024
277,Lilah,Twatt,ltwatt7o@geocities.com,Female,2290811955,Indonesia,3/11/2024
278,Enrica,Novello,enovello7p@miitbeian.gov.cn,Female,5165611086,Egypt,1/15/2024
279,Row,Bishopp,rbishopp7q@behance.net,Female,2568132558,China,5/29/2024
280,Gail,Middle,gmiddle7r@taobao.com,Polygender,3531415433,China,12/13/2023
281,Anjela,Martinot,amartinot7s@t.co,Female,3895859400,China,11/27/2023
282,Ossie,Prendeville,oprendeville7t@macromedia.com,Male,2011006457,Lithuania,5/14/2024
283,Bette,Descroix,bdescroix7u@yahoo.co.jp,Female,6963381194,Poland,11/6/2024
284,Dix,Capp,dcapp7v@psu.edu,Female,8439488068,Czech Republic,1/11/2024
285,Kirsten,St. John,kstjohn7w@instagram.com,Female,4489494599,Germany,11/28/2023
286,Sharai,Glanville,sglanville7x@unblog.fr,Female,7599318674,Czech Republic,5/9/2024
287,Sibbie,Gladwell,sgladwell7y@clickbank.net,Genderfluid,7483131101,China,10/19/2024
288,Christa,Boutwell,cboutwell7z@seesaa.net,Female,1627862161,Philippines,1/22/2024
289,Kurtis,Yanshin,kyanshin80@go.com,Male,5027278845,Philippines,1/3/2024
290,Sloan,Gatlin,sgatlin81@bigcartel.com,Male,6861043982,Russia,5/16/2024
291,Ximenez,Boxhill,xboxhill82@livejournal.com,Male,0992312965,Russia,4/16/2024
292,Jarrid,Berick,jberick83@youtube.com,Male,6670898738,Philippines,7/2/2024
293,Rozalie,Bertomeu,rbertomeu84@deviantart.com,Female,1309954704,Russia,8/26/2024
294,Carlos,Adelsberg,cadelsberg85@unesco.org,Male,9291346551,Portugal,5/11/2024
295,Ulric,Duester,uduester86@qq.com,Male,3744375455,Malaysia,10/7/2024
296,Travus,Pinxton,tpinxton87@imageshack.us,Male,2759381455,Japan,12/21/2023
297,Oliviero,Warner,owarner88@constantcontact.com,Male,9586121186,Colombia,10/22/2024
298,Eugenia,Leil,eleil89@nhs.uk,Female,4164381124,China,7/23/2024
299,Ingemar,Montilla,imontilla8a@auda.org.au,Male,6707286846,Peru,4/30/2024
300,Damara,Voules,dvoules8b@tmall.com,Female,4264535042,South Korea,8/23/2024
301,Lynelle,Renneke,lrenneke8c@whitehouse.gov,Polygender,9134465154,Philippines,9/19/2024
302,Leonora,Martinuzzi,lmartinuzzi8d@stanford.edu,Female,4182968573,Russia,12/17/2023
303,Danni,Glyne,dglyne8e@admin.ch,Female,7364118233,Japan,9/25/2024
304,Ruthi,Rock,rrock8f@storify.com,Female,6964713867,French Polynesia,9/14/2024
305,Antonie,Hakes,ahakes8g@sina.com.cn,Female,2458150357,Philippines,10/22/2024
306,Gaelan,Tremelling,gtremelling8h@deliciousdays.com,Male,3122680998,Indonesia,8/24/2024
307,Parrnell,Huntress,phuntress8i@friendfeed.com,Male,2206323826,Russia,8/9/2024
308,Fields,Revitt,frevitt8j@feedburner.com,Male,7542237799,Indonesia,1/1/2024
309,Marshall,MacElane,mmacelane8k@paypal.com,Male,2017811181,Indonesia,9/24/2024
310,Nadiya,Cornbell,ncornbell8l@miitbeian.gov.cn,Female,3503745416,Thailand,5/3/2024
311,Wiley,Edison,wedison8m@cpanel.net,Genderqueer,5841913824,Bosnia and Herzegovina,1/14/2024
312,Ambrosi,Luciano,aluciano8n@imageshack.us,Male,7936406085,China,1/31/2024
313,Natalie,Fideler,nfideler8o@zdnet.com,Bigender,9564596335,Peru,3/12/2024
314,Kellyann,Tash,ktash8p@sciencedaily.com,Female,1042920486,Sri Lanka,2/4/2024
315,Mychal,Druhan,mdruhan8q@forbes.com,Male,0220516723,Greece,5/5/2024
316,Ingunna,Androlli,iandrolli8r@miitbeian.gov.cn,Female,6334891464,Philippines,9/2/2024
317,Elie,Lemm,elemm8s@admin.ch,Female,9226585229,China,2/12/2024
318,Spense,Emlyn,semlyn8t@sourceforge.net,Male,9179484948,France,8/17/2024
319,Ellis,Gook,egook8u@hp.com,Male,2377356443,Zambia,3/20/2024
320,Modestia,Simionescu,msimionescu8v@pcworld.com,Female,0453738338,Russia,7/3/2024
321,Nanete,Bainton,nbainton8w@nyu.edu,Female,4449068920,Croatia,5/7/2024
322,Noby,Tipperton,ntipperton8x@google.ru,Male,4257667699,Finland,10/21/2024
323,Fowler,Liver,fliver8y@sourceforge.net,Male,7259281022,China,3/20/2024
324,Sorcha,Rickaby,srickaby8z@theatlantic.com,Female,8441922349,Philippines,11/20/2024
325,Allin,Rushbrook,arushbrook90@hibu.com,Male,8712264598,Indonesia,3/16/2024
326,Maryellen,Sherrum,msherrum91@over-blog.com,Female,2338523180,United States,8/9/2024
327,Artie,Maris,amaris92@shareasale.com,Male,2041881690,Turkey,6/26/2024
328,Honor,Foulsham,hfoulsham93@tripod.com,Female,4978049962,China,3/3/2024
329,Vannie,Layhe,vlayhe94@joomla.org,Female,7709818692,Morocco,11/25/2023
330,Ambrosi,Espinosa,aespinosa95@deliciousdays.com,Male,6665584798,Canada,5/6/2024
331,Reine,Thunnercliff,rthunnercliff96@cafepress.com,Female,9317486991,Iran,2/1/2024
332,Stanford,Aughton,saughton97@ning.com,Male,8763868873,Argentina,10/31/2024
333,Loralee,Lawlan,llawlan98@free.fr,Female,5911197332,Estonia,2/16/2024
334,Margarita,Witz,mwitz99@marketwatch.com,Female,3614878171,China,3/11/2024
335,Shoshanna,Ivoshin,sivoshin9a@yolasite.com,Female,3085658084,Ukraine,9/23/2024
336,Barbara-anne,Pinching,bpinching9b@microsoft.com,Female,8187751304,Zambia,3/4/2024
337,Kinna,Boliver,kboliver9c@mashable.com,Female,3393330055,China,4/11/2024
338,Vera,Darree,vdarree9d@bbc.co.uk,Female,9379791690,Indonesia,8/24/2024
339,Kessia,Shuard,kshuard9e@state.gov,Female,7045032862,Thailand,4/15/2024
340,Llywellyn,Gwilliams,lgwilliams9f@ycombinator.com,Male,6049947759,China,10/8/2024
341,Brand,McAllaster,bmcallaster9g@nps.gov,Male,5288690812,Philippines,2/16/2024
342,Jan,Pettican,jpettican9h@mit.edu,Male,1684322855,Yemen,4/11/2024
343,Gian,Kubicki,gkubicki9i@phoca.cz,Male,2671133499,Nigeria,4/7/2024
344,Lira,Sansom,lsansom9j@apache.org,Female,9975327664,Indonesia,11/1/2024
345,Fan,Howsin,fhowsin9k@craigslist.org,Female,7402508730,China,1/18/2024
346,Pauletta,Hardes,phardes9l@dot.gov,Polygender,0241481864,China,8/5/2024
347,Madella,Farquar,mfarquar9m@apple.com,Female,2077158484,Bolivia,5/21/2024
348,Giustino,Liston,gliston9n@example.com,Male,5780298211,Serbia,7/14/2024
349,Debor,Garlant,dgarlant9o@ucla.edu,Female,7521671031,Philippines,3/27/2024
350,Truman,January,tjanuary9p@europa.eu,Male,3335339274,Sweden,3/2/2024
351,Lou,Boatman,lboatman9q@globo.com,Male,3324161711,Sweden,1/3/2024
352,Dell,Varsey,dvarsey9r@studiopress.com,Female,8888248102,Mongolia,7/15/2024
353,Kelvin,Flannigan,kflannigan9s@paginegialle.it,Male,0660121018,Czech Republic,9/15/2024
354,Mallissa,MacCracken,mmaccracken9t@oaic.gov.au,Female,0805979301,Afghanistan,6/29/2024
355,Camilla,Creed,ccreed9u@state.gov,Female,9212991459,Poland,9/28/2024
356,Winny,Tuck,wtuck9v@livejournal.com,Male,4003118405,Poland,7/2/2024
357,Kattie,Towers,ktowers9w@goo.gl,Bigender,9740581110,United States,10/31/2024
358,Sterne,Severs,ssevers9x@techcrunch.com,Male,8787105985,Philippines,2/1/2024
359,Cinnamon,Lezemore,clezemore9y@narod.ru,Female,1610508297,Philippines,7/31/2024
360,Nicko,Bees,nbees9z@blogspot.com,Male,3063729310,Ukraine,5/8/2024
361,Garold,Matijevic,gmatijevica0@w3.org,Male,0842763163,Russia,12/23/2023
362,Elfreda,Coupe,ecoupea1@bing.com,Female,2423582773,Philippines,12/22/2023
363,Alessandro,Scarman,ascarmana2@yellowbook.com,Male,4103722789,Argentina,10/7/2024
364,Alexander,Taylour,atayloura3@infoseek.co.jp,Male,9782638544,Ivory Coast,9/22/2024
365,Alma,Matei,amateia4@amazonaws.com,Female,2703036337,Russia,9/27/2024
366,Daniel,Klehn,dklehna5@barnesandnoble.com,Male,1370140754,Norway,6/24/2024
367,Laurette,Neame,lneamea6@berkeley.edu,Female,5484000742,Russia,3/23/2024
368,John,Gedling,jgedlinga7@nationalgeographic.com,Male,3711408605,Nigeria,7/7/2024
369,Michele,Glasscott,mglasscotta8@e-recht24.de,Male,5665689610,Central African Republic,8/1/2024
370,Garreth,Creany,gcreanya9@scribd.com,Male,7237200372,China,11/29/2023
371,Sapphire,Cale,scaleaa@exblog.jp,Female,0437586111,Portugal,7/3/2024
372,Clea,Scade,cscadeab@blogtalkradio.com,Female,0227562909,Thailand,10/1/2024
373,Parry,Sappy,psappyac@nsw.gov.au,Male,3088131524,Portugal,6/20/2024
374,Gilli,Trumper,gtrumperad@liveinternet.ru,Female,0540248215,South Africa,3/18/2024
375,Alverta,Petrussi,apetrussiae@meetup.com,Female,3343191086,China,6/10/2024
376,Enos,Moverley,emoverleyaf@forbes.com,Male,4286522857,China,1/23/2024
377,Tiffany,Settle,tsettleag@about.com,Female,2048444083,China,1/18/2024
378,Gareth,Macknish,gmacknishah@wordpress.org,Male,1321661770,Philippines,12/29/2023
379,Skelly,Reilly,sreillyai@creativecommons.org,Male,8176042889,Palestinian Territory,10/9/2024
380,Annamarie,Bevens,abevensaj@scribd.com,Female,7673758849,Argentina,4/1/2024
381,Moyra,Fitkin,mfitkinak@disqus.com,Female,6609301298,Indonesia,8/7/2024
382,Coletta,Raoul,craoulal@discuz.net,Female,2813370487,Portugal,8/17/2024
383,Rafaelia,Jimenez,rjimenezam@patch.com,Female,3231298776,China,5/8/2024
384,Frederique,Pontain,fpontainan@multiply.com,Genderqueer,2696907250,Angola,3/1/2024
385,Kata,de Vaen,kdevaenao@webmd.com,Bigender,2072423775,Croatia,1/14/2024
386,Laughton,Danskine,ldanskineap@dagondesign.com,Male,3839755824,Dominican Republic,9/26/2024
387,Kinny,Tieraney,ktieraneyaq@ucoz.ru,Bigender,6178037120,Bulgaria,5/23/2024
388,Sawyer,La Batie,slabatiear@sciencedaily.com,Male,0664204627,Japan,9/30/2024
389,Isaac,Radborn,iradbornas@trellian.com,Male,6253640097,Philippines,8/2/2024
390,Kale,Lackemann,klackemannat@state.gov,Male,3443008836,Philippines,8/25/2024
391,Mariejeanne,Papierz,mpapierzau@skyrock.com,Female,7043009901,China,5/24/2024
392,Bibbye,Djordjevic,bdjordjevicav@newyorker.com,Female,4507153883,Mexico,10/17/2024
393,Lettie,Cockayne,lcockayneaw@edublogs.org,Female,2394351578,Brazil,4/24/2024
394,Roanna,Bevis,rbevisax@people.com.cn,Female,9485542356,China,10/16/2024
395,Hadley,Christescu,hchristescuay@networksolutions.com,Male,9409486572,France,3/22/2024
396,Murial,Beecheno,mbeechenoaz@icio.us,Female,8935967106,Indonesia,6/23/2024
397,Terri,Smolan,tsmolanb0@tinyurl.com,Bigender,2458150586,Mongolia,6/19/2024
398,Jonis,Austen,jaustenb1@stumbleupon.com,Female,7770969182,Tanzania,7/4/2024
399,Tam,Apple,tappleb2@usda.gov,Genderfluid,1435166361,Philippines,1/10/2024
400,Udall,Barrs,ubarrsb3@yahoo.co.jp,Male,5778326777,Nigeria,7/29/2024
401,Anstice,Sydenham,asydenhamb4@sfgate.com,Female,2223941435,Armenia,1/20/2024
402,Shepard,Hobden,shobdenb5@feedburner.com,Male,2388277329,Ireland,1/29/2024
403,Ibrahim,Starrs,istarrsb6@smh.com.au,Male,9380628242,Armenia,5/3/2024
404,Hamnet,Rydings,hrydingsb7@washington.edu,Male,8138606207,Philippines,4/17/2024
405,Pren,Adderley,padderleyb8@jiathis.com,Male,4719103081,China,12/30/2023
406,Ambrosio,Freckingham,afreckinghamb9@oakley.com,Male,7302931038,Estonia,7/30/2024
407,Jo,Chorley,jchorleyba@hugedomains.com,Female,0925892386,Sweden,8/21/2024
408,Goober,Scrane,gscranebb@diigo.com,Male,3186426375,Greece,12/1/2023
409,Madalyn,Ditzel,mditzelbc@cornell.edu,Female,8421873261,Slovenia,12/4/2023
410,Maible,Broadway,mbroadwaybd@yahoo.co.jp,Female,5438085455,Philippines,4/28/2024
411,Colene,Nelhams,cnelhamsbe@godaddy.com,Female,8003487331,Trinidad and Tobago,8/5/2024
412,Oby,Bispham,obisphambf@state.gov,Male,8026347943,Honduras,8/14/2024
413,Care,Elmore,celmorebg@pinterest.com,Male,4921395608,France,11/12/2024
414,Georgianna,Flinders,gflindersbh@over-blog.com,Female,9696943113,China,12/16/2023
415,Harlen,Ferandez,hferandezbi@printfriendly.com,Male,4578875458,Venezuela,11/7/2024
416,Glen,Murrow,gmurrowbj@seesaa.net,Male,3689602025,Bosnia and Herzegovina,11/25/2023
417,Marvin,Berford,mberfordbk@mail.ru,Male,2453621432,Indonesia,8/6/2024
418,Gerty,Mepham,gmephambl@unesco.org,Female,0430244304,Peru,7/24/2024
419,Ashlan,Anthonsen,aanthonsenbm@networkadvertising.org,Female,4981630921,Poland,11/20/2024
420,Henriette,Swancock,hswancockbn@nasa.gov,Female,6416604302,China,9/20/2024
421,Roma,Bateman,rbatemanbo@si.edu,Male,6681923801,Philippines,1/27/2024
422,Joaquin,Ranstead,jransteadbp@mail.ru,Male,4031932162,Thailand,9/25/2024
423,Nehemiah,Wrinch,nwrinchbq@vinaora.com,Male,4013636808,Indonesia,11/3/2024
424,Marty,Kleinhaus,mkleinhausbr@list-manage.com,Female,6268959086,Croatia,10/13/2024
425,Rani,Schermick,rschermickbs@oakley.com,Female,1834779588,China,11/9/2024
426,Perl,Danilishin,pdanilishinbt@google.de,Female,7804279671,Poland,5/8/2024
427,Morganica,O'Codihie,mocodihiebu@princeton.edu,Female,8863274924,Poland,2/15/2024
428,Jorgan,Milton-White,jmiltonwhitebv@ihg.com,Male,0297280155,Brazil,2/21/2024
429,Raffaello,McGuire,rmcguirebw@about.com,Male,6610322139,Ireland,6/29/2024
430,Terencio,Guiness,tguinessbx@hubpages.com,Male,0911188797,Antigua and Barbuda,6/10/2024
431,Wallie,Leftly,wleftlyby@vkontakte.ru,Male,9133962138,Serbia,1/24/2024
432,Mignon,Chatelet,mchateletbz@wordpress.org,Female,7261303585,Poland,12/9/2023
433,Travers,Praten,tpratenc0@geocities.jp,Male,1980139318,China,10/28/2024
434,Fanni,Bilbrooke,fbilbrookec1@slideshare.net,Female,4865389644,Norway,10/26/2024
435,Sherri,Eisikowitch,seisikowitchc2@cbsnews.com,Female,4011982024,China,2/7/2024
436,Nicolis,Shewery,nsheweryc3@miibeian.gov.cn,Genderfluid,1439485259,Jamaica,12/10/2023
437,Geoffrey,O'Monahan,gomonahanc4@stanford.edu,Male,3020407893,Belarus,7/19/2024
438,Rosette,Crichmer,rcrichmerc5@ebay.com,Female,7385489028,Canada,10/2/2024
439,Parker,Mougin,pmouginc6@51.la,Polygender,0908920113,Bulgaria,8/29/2024
440,Dal,Gillott,dgillottc7@census.gov,Male,4567502973,Sweden,11/18/2024
441,Flossi,Cettell,fcettellc8@sbwire.com,Female,7050953970,Ukraine,7/8/2024
442,Belia,Vasilic,bvasilicc9@naver.com,Female,8547773169,France,9/27/2024
443,Gwendolin,MacBarron,gmacbarronca@indiatimes.com,Female,4125042640,Brazil,6/6/2024
444,Miltie,Cotesford,mcotesfordcb@prlog.org,Male,9250106718,Canada,3/23/2024
445,Mercy,Mcsarry,mmcsarrycc@earthlink.net,Female,9909874024,Philippines,12/28/2023
446,Myrna,Waliszewski,mwaliszewskicd@quantcast.com,Female,9817854876,China,3/28/2024
447,Axel,Vickars,avickarsce@weebly.com,Male,1828339962,Brunei,11/24/2023
448,Carlene,Paulusch,cpauluschcf@netvibes.com,Female,2104669731,Taiwan,4/13/2024
449,Shepherd,Pinchin,spinchincg@japanpost.jp,Male,1671727177,Pakistan,6/2/2024
450,Odelia,Trapp,otrappch@foxnews.com,Female,0449129195,Nigeria,6/29/2024
451,Michele,Martynikhin,mmartynikhinci@theglobeandmail.com,Female,2514788153,Belarus,9/16/2024
452,Rodney,Evans,revanscj@ftc.gov,Non-binary,6713701590,Poland,1/23/2024
453,Izabel,Mizzen,imizzenck@netscape.com,Female,1920585060,China,8/27/2024
454,Haze,Spur,hspurcl@ft.com,Male,9760565005,Indonesia,4/22/2024
455,Henderson,Gaukroger,hgaukrogercm@ocn.ne.jp,Male,3870459425,United States,12/12/2023
456,Chery,Reavell,creavellcn@cornell.edu,Female,8040935938,Guatemala,2/11/2024
457,Inna,Dodsworth,idodsworthco@fastcompany.com,Female,0350834857,China,8/11/2024
458,Virgie,Haimes,vhaimescp@a8.net,Male,7414815579,Portugal,7/2/2024
459,Lucinda,Caswell,lcaswellcq@rediff.com,Female,0349011737,Thailand,5/14/2024
460,Kip,Lumox,klumoxcr@europa.eu,Male,3707587231,China,1/8/2024
461,Harriet,Dawtre,hdawtrecs@printfriendly.com,Female,9149495100,Dominican Republic,7/25/2024
462,Izabel,Tace,itacect@tmall.com,Female,0180324012,Yemen,4/21/2024
463,Amos,January,ajanuarycu@reverbnation.com,Male,1797730932,France,9/10/2024
464,Lavinie,Thomasset,lthomassetcv@dropbox.com,Female,1818927594,China,10/29/2024
465,Cherye,Rabbet,crabbetcw@t-online.de,Non-binary,4359255152,Nigeria,6/25/2024
466,Abbe,Chalcraft,achalcraftcx@telegraph.co.uk,Female,9858848722,Russia,3/3/2024
467,Stormy,Bent,sbentcy@devhub.com,Agender,0201088711,China,6/30/2024
468,Burg,Decourt,bdecourtcz@linkedin.com,Male,0691323488,Sweden,2/24/2024
469,Tiphani,Andriveaux,tandriveauxd0@so-net.ne.jp,Female,3252570394,China,12/25/2023
470,Minta,Baldocci,mbaldoccid1@miibeian.gov.cn,Polygender,6704344578,Montenegro,11/14/2024
471,Engracia,Vanyatin,evanyatind2@bizjournals.com,Female,7176479615,Mexico,4/11/2024
472,Blanche,Boothroyd,bboothroydd3@ebay.co.uk,Female,2891543556,Brazil,10/15/2024
473,Vladimir,Tidder,vtidderd4@tinyurl.com,Male,4641768099,Albania,3/30/2024
474,Grant,Belcham,gbelchamd5@symantec.com,Agender,2456771702,United States,5/19/2024
475,Brooke,Draycott,bdraycottd6@who.int,Female,1707526427,Chad,7/15/2024
476,Row,Rappa,rrappad7@amazon.de,Female,9229443824,Vietnam,9/13/2024
477,Alexander,Downham,adownhamd8@craigslist.org,Male,2082751023,Portugal,2/12/2024
478,Hiram,Hucklesby,hhucklesbyd9@ox.ac.uk,Male,6631347416,Poland,5/21/2024
479,Ara,Coenraets,acoenraetsda@last.fm,Female,7107753339,Indonesia,3/20/2024
480,Robin,Wotton,rwottondb@google.com.br,Male,9505021992,Mexico,4/19/2024
481,Geoffry,Gawthrop,ggawthropdc@is.gd,Male,8356550025,China,10/15/2024
482,Gelya,Roderighi,groderighidd@newsvine.com,Female,9386367068,China,11/24/2023
483,Jase,Bick,jbickde@dagondesign.com,Male,1369201877,Philippines,2/26/2024
484,Danika,Dyster,ddysterdf@infoseek.co.jp,Female,9241810270,Philippines,11/9/2024
485,Desiri,Aggio,daggiodg@is.gd,Female,1353034992,Thailand,6/21/2024
486,Bendix,Bosworth,bbosworthdh@fotki.com,Male,7656862064,Peru,8/28/2024
487,Sheffield,Moodie,smoodiedi@163.com,Male,2012839371,China,6/30/2024
488,Georgianna,Oakeshott,goakeshottdj@icq.com,Non-binary,9274509669,Indonesia,3/20/2024
489,Brigitte,Petrishchev,bpetrishchevdk@github.io,Female,0930166140,Brazil,3/15/2024
490,Annadiane,Palfrey,apalfreydl@networksolutions.com,Female,8468799440,Brazil,9/13/2024
491,Melody,MacArthur,mmacarthurdm@salon.com,Female,0335285619,Peru,1/11/2024
492,Jammal,Olyet,jolyetdn@angelfire.com,Male,6149215660,Armenia,3/29/2024
493,Elisha,Burbank,eburbankdo@purevolume.com,Male,5878159872,Norway,6/25/2024
494,Mart,Bull,mbulldp@artisteer.com,Male,6463051594,Indonesia,4/27/2024
495,Eveleen,Shorter,eshorterdq@yahoo.co.jp,Female,0116218029,Argentina,11/19/2024
496,Kenon,Bowshire,kbowshiredr@dell.com,Male,6618271657,Canada,12/14/2023
497,Kiel,Gomersal,kgomersalds@t-online.de,Male,8175877952,Portugal,7/7/2024
498,Jamey,Steinham,jsteinhamdt@list-manage.com,Male,9217792713,Greece,1/13/2024
499,Wilone,Dionisetti,wdionisettidu@redcross.org,Female,4376805467,Mexico,5/21/2024
500,Les,Neilan,lneilandv@github.com,Male,3267827434,Democratic Republic of the Congo,8/25/2024
501,Prentice,Shakespeare,pshakespearedw@psu.edu,Male,0420508716,Poland,8/22/2024
502,Ly,Lloyd,llloyddx@ebay.co.uk,Male,8744035632,Kyrgyzstan,6/19/2024
503,Norbie,Wallett,nwallettdy@discuz.net,Male,8574221201,Malta,11/24/2023
504,Danit,Streeton,dstreetondz@etsy.com,Female,0190273682,Russia,9/22/2024
505,Ced,Grimmolby,cgrimmolbye0@nature.com,Male,5956811684,Russia,6/3/2024
506,Nara,Overshott,novershotte1@trellian.com,Female,6492147839,Greece,2/16/2024
507,Kerwinn,Kmicicki,kkmicickie2@disqus.com,Male,3445540896,China,10/5/2024
508,Artair,Jolly,ajollye3@cnn.com,Male,3334507602,China,1/8/2024
509,Monica,Petters,mpetterse4@lycos.com,Female,8882088596,China,9/23/2024
510,Maxim,Laden,mladene5@dot.gov,Male,6546565617,United Kingdom,3/29/2024
511,Ingemar,Tupman,itupmane6@pagesperso-orange.fr,Male,5302074443,Philippines,11/12/2024
512,Madeleine,Camous,mcamouse7@histats.com,Female,6554525939,Democratic Republic of the Congo,10/20/2024
513,Corella,Jobbins,cjobbinse8@tiny.cc,Female,9568422749,Philippines,3/12/2024
514,Berget,Hoffner,bhoffnere9@reference.com,Female,4615890370,Indonesia,9/25/2024
515,Halie,Agar,hagarea@scribd.com,Female,3876209706,Poland,8/3/2024
516,Karlene,Hartill,khartilleb@noaa.gov,Female,4480343261,China,12/13/2023
517,Tressa,Union,tunionec@sogou.com,Female,2783317060,Serbia,2/11/2024
518,Toma,Zamudio,tzamudioed@cnet.com,Female,8672454944,New Zealand,7/1/2024
519,Beck,Tommis,btommisee@google.com.br,Male,3327631786,Indonesia,9/2/2024
520,Sabina,Lofting,sloftingef@goo.ne.jp,Female,0791748146,Malaysia,7/2/2024
521,Sandie,Legion,slegioneg@go.com,Female,0999955527,Brazil,11/11/2024
522,Alyse,Elwin,aelwineh@reuters.com,Female,2501125274,China,7/17/2024
523,Nicolais,Trustey,ntrusteyei@hud.gov,Male,4586185872,Russia,5/31/2024
524,Hally,Handrik,hhandrikej@blogspot.com,Female,0125254393,China,1/7/2024
525,Enrico,Behrendsen,ebehrendsenek@berkeley.edu,Male,6082646193,Russia,2/5/2024
526,Farly,Wildt,fwildtel@canalblog.com,Male,0381598314,Syria,10/2/2024
527,Olenka,Shalliker,oshallikerem@dmoz.org,Female,2765410496,Russia,6/27/2024
528,Margaretha,Thoresby,mthoresbyen@nba.com,Female,3848331047,Indonesia,6/13/2024
529,Dante,Maskill,dmaskilleo@clickbank.net,Male,9453073849,China,3/15/2024
530,Dulce,Flaxon,dflaxonep@census.gov,Female,5209466736,Thailand,7/12/2024
531,Shermie,Lerner,slernereq@cdc.gov,Male,1279546255,Colombia,8/9/2024
532,Charles,Itschakov,citschakover@eepurl.com,Male,8307184584,Czech Republic,8/24/2024
533,Bruno,Jupp,bjuppes@usatoday.com,Male,3308761998,Morocco,11/20/2024
534,Ara,Keningley,akeningleyet@google.com,Male,6594307304,Philippines,1/9/2024
535,Tabby,Dewdeny,tdewdenyeu@ca.gov,Male,8627396167,Indonesia,7/26/2024
536,Honey,Kinge,hkingeev@craigslist.org,Female,3221452888,Brazil,12/27/2023
537,Rianon,Satch,rsatchew@pen.io,Female,8763965364,Brazil,5/5/2024
538,Sascha,Scrivin,sscrivinex@bloglovin.com,Female,3822805807,Portugal,4/2/2024
539,Star,Lowthian,slowthianey@devhub.com,Female,0436078279,Poland,1/26/2024
540,Onida,Gert,ogertez@freewebs.com,Female,0187446776,China,6/12/2024
541,Rania,Haskell,rhaskellf0@sakura.ne.jp,Female,9868852056,Indonesia,10/6/2024
542,Andrew,Brazear,abrazearf1@dot.gov,Male,0539710954,Russia,1/16/2024
543,Gery,Audsley,gaudsleyf2@weebly.com,Polygender,3570987337,Sweden,4/30/2024
544,Marian,Knight,mknightf3@ameblo.jp,Female,2119834644,France,2/22/2024
545,Dukie,Flaherty,dflahertyf4@telegraph.co.uk,Male,1273170067,Italy,9/5/2024
546,Kasper,Jiggens,kjiggensf5@fda.gov,Male,9122141065,China,10/19/2024
547,Reece,Campo,rcampof6@sbwire.com,Male,3367184780,Indonesia,1/13/2024
548,Reagan,Kaaskooper,rkaaskooperf7@github.io,Male,9963026915,Germany,9/15/2024
549,Abdul,Murty,amurtyf8@eventbrite.com,Male,2365372430,Sweden,3/18/2024
550,Barbee,de Lloyd,bdelloydf9@uiuc.edu,Polygender,1599520281,Greece,9/11/2024
551,Byron,Andrivel,bandrivelfa@taobao.com,Male,3852769701,France,7/4/2024
552,Trefor,Trusler,ttruslerfb@goo.ne.jp,Male,4968497598,Russia,10/13/2024
553,Lani,Merrall,lmerrallfc@yahoo.com,Agender,7562953198,Poland,1/12/2024
554,Tulley,Skudder,tskudderfd@reddit.com,Male,8276007724,Russia,2/2/2024
555,Bartlet,Want,bwantfe@statcounter.com,Male,8936483455,Indonesia,6/30/2024
556,Amberly,Derington,aderingtonff@yellowbook.com,Female,7393275902,Indonesia,12/17/2023
557,Doro,Konmann,dkonmannfg@friendfeed.com,Female,6129735421,China,9/18/2024
558,Spenser,Butlin,sbutlinfh@cbslocal.com,Male,4604059209,Indonesia,4/5/2024
559,Blaine,Kinnear,bkinnearfi@so-net.ne.jp,Male,1395618267,Argentina,3/2/2024
560,Glenn,Paullin,gpaullinfj@zimbio.com,Female,7390326859,Portugal,11/19/2024
561,Donia,Bachellier,dbachellierfk@themeforest.net,Female,2436202559,Chad,4/7/2024
562,Bobbette,Zuppa,bzuppafl@prnewswire.com,Non-binary,4601455383,Greece,5/4/2024
563,Carlie,Gundrey,cgundreyfm@wordpress.org,Female,8765843177,Poland,3/28/2024
564,Felipe,Jellard,fjellardfn@redcross.org,Male,3870954973,Brazil,5/8/2024
565,Joey,Dosdale,jdosdalefo@feedburner.com,Male,8665007598,France,6/6/2024
566,Dru,Houlahan,dhoulahanfp@simplemachines.org,Female,6297304726,Brazil,4/8/2024
567,Merill,Stirman,mstirmanfq@omniture.com,Genderqueer,5009268299,Sweden,8/26/2024
568,Olly,Shama,oshamafr@symantec.com,Male,1287375618,Indonesia,2/17/2024
569,Cesare,Rabbet,crabbetfs@msu.edu,Polygender,4203760267,Greece,6/19/2024
570,Merridie,Lougheid,mlougheidft@usda.gov,Female,9364473825,China,7/18/2024
571,Giraud,Winspurr,gwinspurrfu@macromedia.com,Male,7800240649,Burkina Faso,12/23/2023
572,Saxon,Sergean,ssergeanfv@mysql.com,Male,4969453519,China,7/17/2024
573,Sergio,Hardison,shardisonfw@oaic.gov.au,Male,2926997639,France,2/9/2024
574,Marijo,Attrill,mattrillfx@google.com,Female,7694530871,Honduras,6/15/2024
575,Kinny,Copner,kcopnerfy@techcrunch.com,Male,0673995364,France,11/1/2024
576,Quillan,Lambirth,qlambirthfz@cnbc.com,Genderfluid,7069085656,Sweden,1/12/2024
577,Rodge,Waywell,rwaywellg0@shareasale.com,Male,8872010640,Indonesia,12/24/2023
578,Beauregard,Coffin,bcoffing1@state.gov,Male,7187271808,Moldova,4/15/2024
579,Fifi,Meekin,fmeeking2@army.mil,Female,7357836118,Croatia,3/28/2024
580,Saunderson,Bridger,sbridgerg3@cpanel.net,Male,8179309274,Poland,5/23/2024
581,Keary,Lelliott,klelliottg4@toplist.cz,Male,1310625913,Philippines,12/30/2023
582,Wash,Fooks,wfooksg5@vkontakte.ru,Male,5159448721,Brazil,8/25/2024
583,Freddie,Decent,fdecentg6@wufoo.com,Male,6534475669,Indonesia,12/11/2023
584,Maribelle,Prandin,mpranding7@51.la,Female,0530408724,Indonesia,8/17/2024
585,Georas,Wenger,gwengerg8@usgs.gov,Male,4896449290,Laos,4/22/2024
586,Ross,Chalmers,rchalmersg9@mayoclinic.com,Male,6626687751,Argentina,9/16/2024
587,Edlin,MacBean,emacbeanga@51.la,Male,7114063822,Equatorial Guinea,4/10/2024
588,Robbyn,Kurdani,rkurdanigb@utexas.edu,Female,2343599394,Thailand,4/5/2024
589,Goldy,Eatttok,geatttokgc@opera.com,Female,3603253167,Afghanistan,1/22/2024
590,Barret,Jobbings,bjobbingsgd@github.io,Male,9463252517,Ireland,1/13/2024
591,Zandra,Blowes,zblowesge@360.cn,Female,8750064185,Dominican Republic,11/5/2024
592,Sasha,Reinard,sreinardgf@cbc.ca,Female,4041850398,Myanmar,5/14/2024
593,Lari,Furphy,lfurphygg@accuweather.com,Female,0481702512,Republic of the Congo,7/31/2024
594,Wolf,Illem,willemgh@altervista.org,Male,1185128514,New Caledonia,5/12/2024
595,Calhoun,Yerlett,cyerlettgi@businessinsider.com,Non-binary,1814982442,Peru,11/21/2023
596,Jorry,Denerley,jdenerleygj@mysql.com,Female,1660551757,Indonesia,6/28/2024
597,Mirna,Filipczynski,mfilipczynskigk@jimdo.com,Female,5137627887,Bulgaria,5/27/2024
598,Carolin,Ropert,cropertgl@tumblr.com,Genderqueer,1331428351,Russia,4/1/2024
599,Bendite,Daughtery,bdaughterygm@wired.com,Female,6077538930,China,6/2/2024
600,Monique,Krahl,mkrahlgn@surveymonkey.com,Genderqueer,5394834423,China,2/18/2024
601,Burt,Corbin,bcorbingo@slashdot.org,Male,9618827577,China,8/19/2024
602,Ally,Kennford,akennfordgp@fastcompany.com,Female,3638509958,Indonesia,12/9/2023
603,Rodrick,Kalinsky,rkalinskygq@1688.com,Male,7315585761,Indonesia,7/15/2024
604,Helga,Caville,hcavillegr@fema.gov,Female,7008927320,Cayman Islands,4/13/2024
605,Kiley,Station,kstationgs@skype.com,Female,9911955648,Ivory Coast,10/27/2024
606,Jonah,MacNally,jmacnallygt@lycos.com,Male,2999736231,Philippines,7/24/2024
607,Ky,Baverstock,kbaverstockgu@reuters.com,Male,7337892136,Indonesia,1/30/2024
608,Michelle,Yarrow,myarrowgv@slideshare.net,Female,1370041101,Norway,3/25/2024
609,Chrysa,Hockell,chockellgw@ehow.com,Female,8382792359,France,8/5/2024
610,Abbey,Gwyneth,agwynethgx@economist.com,Male,5458438558,Chile,1/6/2024
611,Cacilia,Slyde,cslydegy@usda.gov,Female,9630678799,Indonesia,7/22/2024
612,Coretta,Emlen,cemlengz@icio.us,Female,7735967748,China,1/8/2024
613,Johann,Aldiss,jaldissh0@bloomberg.com,Male,1464545669,China,12/17/2023
614,Drud,Ellery,delleryh1@godaddy.com,Male,7591057588,Russia,6/3/2024
615,Granger,Hugenin,ghugeninh2@yellowpages.com,Male,3601676567,Guatemala,4/29/2024
616,Nadya,Lillegard,nlillegardh3@mail.ru,Female,8461470575,China,11/6/2024
617,Angeline,Carss,acarssh4@dyndns.org,Female,1833213866,China,4/26/2024
618,Enrichetta,Tawse,etawseh5@reference.com,Female,7666132905,Indonesia,4/4/2024
619,Hesther,Le Grice,hlegriceh6@seattletimes.com,Female,6243474100,Poland,8/12/2024
620,Boote,Simms,bsimmsh7@boston.com,Male,3151749712,Russia,8/23/2024
621,Winna,Openshaw,wopenshawh8@theatlantic.com,Female,3093578892,Serbia,5/29/2024
622,Alana,Kleinschmidt,akleinschmidth9@npr.org,Female,8752534731,Argentina,11/16/2024
623,Car,Milne,cmilneha@ucoz.ru,Male,5397103705,Thailand,6/16/2024
624,Morty,Leavy,mleavyhb@usa.gov,Male,7994408478,Indonesia,9/11/2024
625,Ginelle,Pahlsson,gpahlssonhc@last.fm,Female,5851804017,Brazil,1/22/2024
626,Wendeline,Winham,wwinhamhd@rediff.com,Female,7470867902,Indonesia,12/22/2023
627,Flemming,Izen,fizenhe@wordpress.org,Male,5219909835,Greece,9/15/2024
628,Benn,Sant,bsanthf@theglobeandmail.com,Male,8155838765,China,6/28/2024
629,Falito,Phillcock,fphillcockhg@g.co,Male,8284899183,China,7/2/2024
630,Cathrine,Hackey,chackeyhh@unesco.org,Female,0479580316,Peru,1/13/2024
631,Justino,Hazeldene,jhazeldenehi@cpanel.net,Bigender,0365133043,Russia,1/13/2024
632,Nickie,Studders,nstuddershj@i2i.jp,Male,4265765157,France,1/19/2024
633,Josefa,Gentric,jgentrichk@cafepress.com,Female,1187425583,Thailand,10/10/2024
634,Tobe,Hartley,thartleyhl@wikia.com,Female,7466916406,Germany,4/4/2024
635,Abrahan,Penkethman,apenkethmanhm@nih.gov,Male,9563775988,Azerbaijan,12/26/2023
636,Shalom,Goodlake,sgoodlakehn@dyndns.org,Male,2651996262,Serbia,6/27/2024
637,Jacqueline,Gamage,jgamageho@blogger.com,Female,3880331391,Brazil,8/23/2024
638,Ariana,Rizzi,arizzihp@themeforest.net,Female,1637903480,Philippines,7/26/2024
639,Danita,Mutch,dmutchhq@netvibes.com,Female,1713910721,Philippines,8/26/2024
640,Wolf,Humbatch,whumbatchhr@theglobeandmail.com,Male,3037036664,Vietnam,9/20/2024
641,Hatty,Lavies,hlavieshs@wisc.edu,Female,0782657834,Poland,8/14/2024
642,Paul,Everington,peveringtonht@usda.gov,Male,2096561817,Kazakhstan,7/11/2024
643,Chaunce,Roxbee,croxbeehu@mail.ru,Male,6028987395,Latvia,1/31/2024
644,Jeremie,Zimmer,jzimmerhv@craigslist.org,Male,2001627114,Vietnam,6/9/2024
645,Ardith,Worthington,aworthingtonhw@washingtonpost.com,Female,2704536864,Jamaica,7/30/2024
646,Valaree,Arrington,varringtonhx@google.fr,Female,4051475824,China,6/22/2024
647,Wyatt,Gosforth,wgosforthhy@nhs.uk,Male,6264386693,China,9/14/2024
648,Branden,Pettingall,bpettingallhz@prnewswire.com,Male,8475066429,Poland,5/9/2024
649,Zondra,Edes,zedesi0@mail.ru,Female,7093004326,Russia,2/22/2024
650,Junie,Wookey,jwookeyi1@xrea.com,Female,5329479371,China,2/16/2024
651,Brooke,Condict,bcondicti2@ebay.com,Female,4588398199,Cameroon,6/25/2024
652,Thornie,Harvie,tharviei3@360.cn,Male,8213647769,Reunion,5/19/2024
653,Muhammad,Scrogges,mscroggesi4@smugmug.com,Male,0360575668,Libya,11/12/2024
654,Falito,Fyfield,ffyfieldi5@java.com,Male,4993646119,Indonesia,2/14/2024
655,Ronna,Cregan,rcregani6@livejournal.com,Female,0683993070,Russia,7/28/2024
656,Gearard,Klosges,gklosgesi7@icio.us,Male,9432869067,Philippines,5/12/2024
657,Levy,St Angel,lstangeli8@hc360.com,Male,4662025907,Macedonia,3/25/2024
658,Deny,Housbey,dhousbeyi9@uol.com.br,Female,4798158720,Portugal,4/26/2024
659,Alvinia,Goodlatt,agoodlattia@go.com,Female,7463936503,Sweden,5/21/2024
660,Trenton,Eccles,tecclesib@squarespace.com,Male,6919788926,Russia,6/3/2024
661,Jephthah,Belvard,jbelvardic@google.co.jp,Male,1646189108,Philippines,4/5/2024
662,Blanche,Papez,bpapezid@mapy.cz,Female,7130478136,Portugal,2/29/2024
663,Selena,Rittmeyer,srittmeyerie@joomla.org,Female,9216487682,Maldives,9/26/2024
664,Loy,Connick,lconnickif@fc2.com,Male,8878468142,Philippines,10/28/2024
665,Cristy,Entwistle,centwistleig@nsw.gov.au,Polygender,9705428093,Ireland,1/4/2024
666,Lucais,Vinton,lvintonih@china.com.cn,Male,8846500482,Philippines,7/29/2024
667,Trix,Slamaker,tslamakerii@globo.com,Female,1981104488,Jordan,5/21/2024
668,Osborne,Dupoy,odupoyij@linkedin.com,Male,8868044307,Russia,11/14/2024
669,Mayor,Laight,mlaightik@deviantart.com,Male,5755705569,Greece,9/12/2024
670,Chad,Penrose,cpenroseil@github.com,Male,2463007192,Portugal,12/7/2023
671,Brigid,O'Sherrin,bosherrinim@squidoo.com,Female,3871637327,Indonesia,9/9/2024
672,Jerome,Lucia,jluciain@comsenz.com,Male,6033273486,Portugal,7/9/2024
673,Ezechiel,Sedgemore,esedgemoreio@blogger.com,Male,4294198567,Japan,7/2/2024
674,Rayner,Kemmis,rkemmisip@examiner.com,Male,9714967066,Colombia,2/17/2024
675,Ward,Durran,wdurraniq@wired.com,Male,9149421123,China,3/16/2024
676,Germaine,Guarnier,gguarnierir@indiegogo.com,Male,5694621972,Yemen,2/14/2024
677,Whittaker,Idle,widleis@creativecommons.org,Genderfluid,6980264184,Myanmar,5/5/2024
678,Vivianna,Housegoe,vhousegoeit@chron.com,Female,3617629628,France,1/17/2024
679,Rosanna,Abramzon,rabramzoniu@hexun.com,Female,5192437113,Portugal,8/16/2024
680,Amos,Joyner,ajoyneriv@cbc.ca,Genderfluid,6782179458,Armenia,5/27/2024
681,Shawnee,Bernette,sbernetteiw@tripod.com,Female,7395039467,Brazil,11/10/2024
682,Garrick,Porrett,gporrettix@google.es,Male,2305818408,China,9/23/2024
683,Kipp,Esp,kespiy@va.gov,Non-binary,8060303198,Indonesia,12/21/2023
684,Vance,Covell,vcovelliz@washington.edu,Male,4258865672,Greece,12/13/2023
685,Kippie,Winfield,kwinfieldj0@dot.gov,Male,5224161223,Colombia,9/29/2024
686,Griffy,Babalola,gbabalolaj1@unblog.fr,Male,8991150616,Poland,9/1/2024
687,Corly,Blumire,cblumirej2@ning.com,Female,6086593930,Vietnam,8/21/2024
688,El,Georgievski,egeorgievskij3@europa.eu,Male,4551946834,Russia,1/1/2024
689,Jarib,Wabey,jwabeyj4@youtube.com,Male,9125362054,China,11/22/2023
690,Gonzales,Ensley,gensleyj5@state.tx.us,Male,4900409162,Philippines,4/28/2024
691,Camella,Ollet,colletj6@gov.uk,Female,3004994437,Indonesia,9/21/2024
692,Chelsey,Chaffe,cchaffej7@amazonaws.com,Female,8536263059,Poland,12/5/2023
693,Terencio,Dewhurst,tdewhurstj8@behance.net,Male,5297818494,Gabon,9/2/2024
694,Gilbertina,Tanby,gtanbyj9@shutterfly.com,Female,7750440666,Nigeria,6/3/2024
695,Rutger,Want,rwantja@blogs.com,Male,7695008680,Indonesia,2/20/2024
696,Warde,Farquarson,wfarquarsonjb@apache.org,Genderfluid,5337887777,Uruguay,12/27/2023
697,Morgen,Hammatt,mhammattjc@discuz.net,Female,9159017694,Philippines,8/30/2024
698,Winthrop,Rickesies,wrickesiesjd@bloglovin.com,Male,1602592233,Czech Republic,9/25/2024
699,Tremain,Blabie,tblabieje@timesonline.co.uk,Male,3490000447,Malta,8/29/2024
700,Ryan,Wykey,rwykeyjf@sphinn.com,Male,8122550266,China,1/31/2024
701,Cross,O'Grada,cogradajg@homestead.com,Male,1801688435,Philippines,7/5/2024
702,Brynn,Garforth,bgarforthjh@loc.gov,Agender,2754128816,Indonesia,11/24/2023
703,Adan,Chinery,achineryji@zimbio.com,Male,5069994522,Philippines,10/17/2024
704,Warner,Pignon,wpignonjj@woothemes.com,Male,2892465230,China,3/22/2024
705,Korie,Fayne,kfaynejk@gmpg.org,Female,9617243377,Ukraine,8/18/2024
706,Gwyn,Smiz,gsmizjl@bravesites.com,Female,1853320226,Poland,1/30/2024
707,Karlan,Caff,kcaffjm@intel.com,Male,8203562841,Russia,11/6/2024
708,Karil,Leisk,kleiskjn@mysql.com,Female,0902289659,Netherlands,9/29/2024
709,Thorin,Pharaoh,tpharaohjo@histats.com,Male,0900148381,Indonesia,5/26/2024
710,Leshia,Loftie,lloftiejp@nifty.com,Female,7064112493,Saudi Arabia,5/18/2024
711,Gregorio,Eltringham,geltringhamjq@zdnet.com,Male,9322669268,Thailand,10/23/2024
712,Hew,Woollin,hwoollinjr@ted.com,Male,8635664620,Kenya,11/17/2024
713,Poul,Blackadder,pblackadderjs@1688.com,Male,8360238138,Brazil,1/20/2024
714,Teddi,Guerriero,tguerrierojt@lulu.com,Female,6609844801,Netherlands,3/22/2024
715,Chilton,Jamary,cjamaryju@va.gov,Male,7181935410,United States,2/27/2024
716,Hy,Ryce,hrycejv@soundcloud.com,Male,4855154660,Greece,8/4/2024
717,Charley,Boag,cboagjw@imdb.com,Male,9452842954,Libya,4/27/2024
718,Ulysses,Kneal,uknealjx@wiley.com,Genderfluid,5146875308,Peru,8/28/2024
719,Camille,Saveall,csavealljy@tmall.com,Female,5248812151,Philippines,7/10/2024
720,Leanor,Cluckie,lcluckiejz@chron.com,Female,0708110274,China,8/9/2024
721,Laney,Grahl,lgrahlk0@phpbb.com,Male,8857171876,Nigeria,10/5/2024
722,Neville,Becke,nbeckek1@multiply.com,Male,4065463270,Bangladesh,1/5/2024
723,Domeniga,Magne,dmagnek2@github.io,Female,7869738034,Niger,4/13/2024
724,Marcus,Frake,mfrakek3@rambler.ru,Male,9230460362,United States,11/29/2023
725,Salmon,Annable,sannablek4@pcworld.com,Bigender,5092546166,Russia,8/1/2024
726,Wilone,Polino,wpolinok5@ed.gov,Female,9894789390,China,6/28/2024
727,Ally,Boole,aboolek6@moonfruit.com,Female,2607637880,Vietnam,7/21/2024
728,Irwinn,Brear,ibreark7@techcrunch.com,Non-binary,4974561316,China,7/26/2024
729,Andriette,Press,apressk8@tripadvisor.com,Female,0512371121,Portugal,6/1/2024
730,Brand,Fozzard,bfozzardk9@seesaa.net,Male,9746293915,Morocco,2/25/2024
731,Courtney,Lawton,clawtonka@google.co.jp,Female,1766996590,Indonesia,4/29/2024
732,Jerad,Honeyghan,jhoneyghankb@weather.com,Male,2753170770,Indonesia,2/2/2024
733,Michelina,Thorwarth,mthorwarthkc@wired.com,Agender,2949049672,Ukraine,8/31/2024
734,Mathew,Rosevear,mrosevearkd@tinyurl.com,Male,4717374398,Sweden,11/21/2023
735,Salomo,MacGillivrie,smacgillivrieke@newyorker.com,Male,7457940936,Haiti,12/8/2023
736,Alvie,Barrar,abarrarkf@myspace.com,Agender,7452113381,Ukraine,7/20/2024
737,Cazzie,Garrud,cgarrudkg@live.com,Male,2295248426,Finland,6/23/2024
738,Tamera,Sothern,tsothernkh@cafepress.com,Female,4861181399,Italy,2/2/2024
739,Jacquetta,Izacenko,jizacenkoki@apple.com,Female,8618309478,Czech Republic,5/13/2024
740,Larisa,Jertz,ljertzkj@cisco.com,Female,6625101273,Pakistan,2/19/2024
741,Ode,Machent,omachentkk@telegraph.co.uk,Male,6242107082,Indonesia,11/8/2024
742,Rosabella,Canet,rcanetkl@home.pl,Female,1537855018,Russia,10/24/2024
743,Fara,Bulloch,fbullochkm@state.gov,Non-binary,8308535739,Poland,9/5/2024
744,Pascal,Sommerton,psommertonkn@telegraph.co.uk,Male,4177408808,China,12/4/2023
745,Jarrid,Gudgeon,jgudgeonko@dyndns.org,Male,0494089806,Russia,5/14/2024
746,Rafaelita,Swyer,rswyerkp@biblegateway.com,Bigender,3171906651,Portugal,10/14/2024
747,Phil,Caughan,pcaughankq@liveinternet.ru,Male,7861959937,Argentina,7/10/2024
748,Lani,Lantuff,llantuffkr@about.me,Female,5717047533,France,3/21/2024
749,Etienne,Wellstood,ewellstoodks@google.com.br,Male,3476454835,United Kingdom,6/18/2024
750,Carter,Haughton,chaughtonkt@ebay.com,Male,7799389850,Sweden,6/25/2024
751,Gil,Trusty,gtrustyku@craigslist.org,Male,3108699067,Kazakhstan,9/24/2024
752,Emmanuel,Jouaneton,ejouanetonkv@amazon.com,Male,4663078451,Indonesia,5/23/2024
753,Granthem,Predohl,gpredohlkw@fotki.com,Genderqueer,2653251671,Indonesia,7/7/2024
754,Cheri,Lesser,clesserkx@chronoengine.com,Female,0656016973,Argentina,11/4/2024
755,Claribel,Osgar,cosgarky@artisteer.com,Female,5766098243,Poland,9/14/2024
756,Guinevere,Cookley,gcookleykz@facebook.com,Female,2308240814,Czech Republic,3/14/2024
757,Davy,Dand,ddandl0@ifeng.com,Male,1058777831,Russia,11/22/2023
758,Joy,Blackhurst,jblackhurstl1@engadget.com,Female,3257809034,China,10/21/2024
759,Grenville,Mulvenna,gmulvennal2@miibeian.gov.cn,Male,6909552776,Azerbaijan,10/13/2024
760,Rey,Kiehne,rkiehnel3@accuweather.com,Male,6525860814,China,7/26/2024
761,Storm,Burdge,sburdgel4@shareasale.com,Female,2330515723,Russia,2/11/2024
762,Alicea,Fereday,aferedayl5@washington.edu,Female,7968226430,Russia,4/11/2024
763,Dasha,Seville,dsevillel6@google.ca,Female,7684736493,France,9/1/2024
764,Linnea,Danilishin,ldanilishinl7@people.com.cn,Female,9648683344,Thailand,2/3/2024
765,Bethanne,McDool,bmcdooll8@about.me,Female,6422956320,Indonesia,5/5/2024
766,Faber,Auty,fautyl9@google.ru,Male,4753925110,Russia,8/29/2024
767,Kinny,Bamford,kbamfordla@loc.gov,Male,1536249009,Malaysia,1/18/2024
768,Madelaine,Tuckwood,mtuckwoodlb@shutterfly.com,Female,5642681095,Indonesia,7/30/2024
769,Warner,Grayne,wgraynelc@shutterfly.com,Male,0847519937,China,3/14/2024
770,Dale,Joslow,djoslowld@gov.uk,Female,2858778566,Israel,11/7/2024
771,Alfredo,Searjeant,asearjeantle@wiley.com,Male,6820827539,Indonesia,9/23/2024
772,Rosanna,Westfalen,rwestfalenlf@psu.edu,Female,7114389965,Brazil,4/3/2024
773,Tammi,Teml,ttemllg@networksolutions.com,Female,7696079697,Russia,9/11/2024
774,Judon,Jeannenet,jjeannenetlh@loc.gov,Male,7379151711,Argentina,12/20/2023
775,Currie,Frake,cfrakeli@goo.ne.jp,Male,3548141633,Ukraine,6/2/2024
776,Marshall,Guite,mguitelj@howstuffworks.com,Male,9623853688,Latvia,11/9/2024
777,Pearl,Walesby,pwalesbylk@ibm.com,Female,7507531309,Portugal,8/23/2024
778,Corey,Onele,conelell@ezinearticles.com,Female,0749902213,France,7/16/2024
779,Ellie,Parsonage,eparsonagelm@about.me,Non-binary,4155348462,Venezuela,7/15/2024
780,Bryce,Alldis,balldisln@yale.edu,Male,5247693728,Sweden,11/4/2024
781,Izabel,Douty,idoutylo@bandcamp.com,Female,4913738852,Japan,10/20/2024
782,Arlie,Ashleigh,aashleighlp@imageshack.us,Female,5836221286,Tanzania,11/1/2024
783,Sylvan,Hestrop,shestroplq@buzzfeed.com,Male,7914753009,Mexico,4/12/2024
784,Lane,Colleford,lcollefordlr@blinklist.com,Female,3233973144,Colombia,1/12/2024
785,Ives,Persse,iperssels@flavors.me,Male,4825306217,Philippines,7/1/2024
786,Dukey,Cottage,dcottagelt@disqus.com,Male,8680566632,Slovenia,4/26/2024
787,Astra,MacKinnon,amackinnonlu@ameblo.jp,Female,8717133157,Mexico,8/5/2024
788,Sergei,Bousler,sbouslerlv@webs.com,Male,0750455179,China,4/21/2024
789,Christiane,Hyndley,chyndleylw@mashable.com,Female,2211296912,China,6/8/2024
790,Nathaniel,Krzysztof,nkrzysztoflx@exblog.jp,Male,6159286951,China,6/15/2024
791,Erminie,Planks,eplanksly@cnbc.com,Female,6558855712,China,3/25/2024
792,Francine,Noto,fnotolz@barnesandnoble.com,Female,4490359950,Poland,11/28/2023
793,Deanna,Broun,dbrounm0@sohu.com,Bigender,5576767551,Brazil,9/26/2024
794,Haily,MacClay,hmacclaym1@wikispaces.com,Genderfluid,9699229497,Iran,2/29/2024
795,Chico,Mattock,cmattockm2@sourceforge.net,Male,2576726194,Indonesia,11/24/2023
796,Johnette,Aizik,jaizikm3@vimeo.com,Female,8589908879,Tanzania,5/23/2024
797,Paolo,Hillhouse,phillhousem4@mapquest.com,Male,2882939507,Indonesia,3/11/2024
798,Sollie,Reinger,sreingerm5@wisc.edu,Male,3899949978,Indonesia,2/4/2024
799,Rudolf,Swiers,rswiersm6@tripod.com,Male,4661833821,Indonesia,3/5/2024
800,Dede,Freeman,dfreemanm7@hatena.ne.jp,Polygender,9225464894,Netherlands,11/23/2023
801,Daisie,Hance,dhancem8@yolasite.com,Female,9585081709,Nigeria,8/29/2024
802,Rriocard,Hawthorne,rhawthornem9@dyndns.org,Male,9687074965,United States,6/16/2024
803,Torey,Athy,tathyma@nyu.edu,Female,9248679064,Brazil,5/2/2024
804,Minny,Van Leijs,mvanleijsmb@hibu.com,Female,8582065884,Israel,7/11/2024
805,Johna,Pohl,jpohlmc@merriam-webster.com,Female,7334222075,Russia,7/23/2024
806,Cody,De Bruin,cdebruinmd@skype.com,Female,0199468672,Poland,12/23/2023
807,Brynne,Splevins,bsplevinsme@cloudflare.com,Female,9886848294,Bolivia,11/21/2023
808,Olvan,Manuello,omanuellomf@freewebs.com,Male,8529657543,Portugal,4/24/2024
809,Giuseppe,Kissock,gkissockmg@taobao.com,Male,8764654427,Tajikistan,9/15/2024
810,Ulrich,Nassie,unassiemh@epa.gov,Male,2640620320,South Africa,10/2/2024
811,Henrik,Mertsching,hmertschingmi@plala.or.jp,Male,4226240480,China,3/4/2024
812,Curt,Ruter,crutermj@disqus.com,Male,5903327419,New Zealand,6/22/2024
813,Nari,MacSporran,nmacsporranmk@youtube.com,Female,9032087517,Greece,3/5/2024
814,Hesther,Van Leijs,hvanleijsml@usatoday.com,Polygender,6587197019,Russia,11/28/2023
815,Ado,Keattch,akeattchmm@slate.com,Polygender,1416776311,Czech Republic,7/19/2024
816,Heindrick,Deners,hdenersmn@newsvine.com,Male,0069190828,Peru,9/22/2024
817,Maxy,Norwich,mnorwichmo@chron.com,Male,5013705428,Brazil,12/3/2023
818,Ryon,Aymes,raymesmp@de.vu,Male,8255941584,Kyrgyzstan,11/3/2024
819,Thornton,Partener,tpartenermq@unicef.org,Male,0655105468,Indonesia,3/19/2024
820,Bertine,Pengilley,bpengilleymr@wiley.com,Female,9236058949,Greece,12/26/2023
821,Moira,Muscroft,mmuscroftms@symantec.com,Female,3508844560,Russia,11/22/2023
822,Robby,Temple,rtemplemt@chronoengine.com,Non-binary,7920333032,Indonesia,2/3/2024
823,Minnie,Carthew,mcarthewmu@vistaprint.com,Female,6912823165,Brazil,6/11/2024
824,Cathie,Carmichael,ccarmichaelmv@domainmarket.com,Genderqueer,7798732675,Indonesia,12/18/2023
825,Alejoa,Matthensen,amatthensenmw@bravesites.com,Male,1402554397,Israel,8/5/2024
826,Joannes,Gouldeby,jgouldebymx@quantcast.com,Female,6540953550,China,2/13/2024
827,Burt,Daenen,bdaenenmy@upenn.edu,Male,7724646422,Estonia,8/1/2024
828,Nathanil,Kauble,nkaublemz@google.com,Male,6690645061,China,6/23/2024
829,Yolanthe,Chapman,ychapmann0@github.io,Female,8823812712,New Zealand,2/20/2024
830,Beryl,Hun,bhunn1@patch.com,Female,6210179479,Czech Republic,8/29/2024
831,Madelin,Marre,mmarren2@comcast.net,Female,2643584635,China,3/19/2024
832,Konstance,Dinjes,kdinjesn3@earthlink.net,Female,0511540655,Cyprus,2/15/2024
833,Clywd,Lempke,clempken4@google.pl,Male,1890206318,Morocco,10/31/2024
834,Oralle,Kleinzweig,okleinzweign5@altervista.org,Female,1744252351,China,3/19/2024
835,Ilyssa,Skillman,iskillmann6@wikispaces.com,Female,6205646315,Belarus,2/17/2024
836,Lester,Kienlein,lkienleinn7@ed.gov,Male,3303891540,Botswana,4/6/2024
837,Shelia,Ockland,socklandn8@twitpic.com,Female,2005707872,Ukraine,11/6/2024
838,Oswald,Whitlaw,owhitlawn9@fastcompany.com,Male,8230967628,Democratic Republic of the Congo,3/15/2024
839,Charmine,Yitzowitz,cyitzowitzna@nifty.com,Female,4570678319,Nigeria,4/14/2024
840,Finlay,Moorerud,fmoorerudnb@nps.gov,Male,1888312459,China,10/17/2024
841,Corabel,Pockett,cpockettnc@networksolutions.com,Female,7168661620,China,10/31/2024
842,Corene,Kerbey,ckerbeynd@gov.uk,Polygender,1608161633,Russia,5/27/2024
843,Forbes,Sans,fsansne@bbc.co.uk,Male,2556702451,Canada,4/4/2024
844,Juan,Escalante,jescalantenf@bravesites.com,Male,6030570021,Russia,3/4/2024
845,Florina,Dimond,fdimondng@booking.com,Polygender,6851673789,Indonesia,8/6/2024
846,Kylen,Dudenie,kdudenienh@hhs.gov,Female,0709403127,Dominican Republic,3/4/2024
847,Margaret,McGinn,mmcginnni@fastcompany.com,Female,9841549050,Portugal,2/4/2024
848,Ron,Colliford,rcollifordnj@so-net.ne.jp,Male,3995443230,Brazil,11/8/2024
849,Myrwyn,Ledrun,mledrunnk@ftc.gov,Male,8515823381,China,6/6/2024
850,Brennan,Scanterbury,bscanterburynl@woothemes.com,Male,1602381496,Brazil,6/27/2024
851,Glyn,Woonton,gwoontonnm@behance.net,Genderqueer,7658991279,China,3/8/2024
852,Rickert,Aicheson,raichesonnn@fc2.com,Male,0494358319,Morocco,12/21/2023
853,Isak,Sabatini,isabatinino@usnews.com,Male,3722647916,Liberia,11/21/2023
854,Robinetta,Bloodworth,rbloodworthnp@seesaa.net,Female,0729754847,Bolivia,10/16/2024
855,Dode,Crowest,dcrowestnq@house.gov,Female,8398465492,Brazil,4/29/2024
856,Francoise,Trewhitt,ftrewhittnr@webmd.com,Female,0856775746,China,2/27/2024
857,Scarface,Nason,snasonns@a8.net,Male,3650117428,China,3/10/2024
858,Serene,Cridlan,scridlannt@yale.edu,Female,6938799873,Uzbekistan,4/14/2024
859,Chiquita,Domerq,cdomerqnu@tripadvisor.com,Female,7329189111,Albania,5/9/2024
860,Malachi,Bootherstone,mbootherstonenv@skype.com,Male,2973757975,Mexico,12/9/2023
861,Rodrick,Ratnage,rratnagenw@domainmarket.com,Male,9433847180,China,1/18/2024
862,Rodi,McGeffen,rmcgeffennx@tinypic.com,Female,1060047985,Indonesia,8/7/2024
863,Phillie,Queyos,pqueyosny@hatena.ne.jp,Female,2898608424,Indonesia,12/12/2023
864,Adel,Jonczyk,ajonczyknz@dyndns.org,Female,7084787534,France,1/22/2024
865,Bond,Landre,blandreo0@nationalgeographic.com,Male,3266861701,Philippines,7/11/2024
866,Neil,Dacres,ndacreso1@ft.com,Male,5437168837,Thailand,2/1/2024
867,Michaela,Slite,msliteo2@indiegogo.com,Female,9763060141,Indonesia,10/7/2024
868,Dev,Geroldi,dgeroldio3@yandex.ru,Male,3345975785,China,7/31/2024
869,Win,Donaway,wdonawayo4@facebook.com,Non-binary,4427920985,China,9/15/2024
870,Petronia,Jarnell,pjarnello5@scribd.com,Female,8845393011,Russia,10/2/2024
871,Ellene,Burles,eburleso6@hatena.ne.jp,Female,2359428799,France,6/7/2024
872,Simonne,Bladge,sbladgeo7@unblog.fr,Female,5954539561,United States,12/2/2023
873,Jory,Very,jveryo8@theglobeandmail.com,Male,7714834099,Macedonia,7/27/2024
874,Gabbie,Satchell,gsatchello9@sciencedirect.com,Female,2677258420,China,7/3/2024
875,Gratia,Seyffert,gseyffertoa@seattletimes.com,Female,6388656560,Russia,7/12/2024
876,Barbe,Ethelstone,bethelstoneob@independent.co.uk,Female,8586484393,Central African Republic,1/29/2024
877,Winonah,Ingliss,winglissoc@dagondesign.com,Female,2148089625,Indonesia,11/15/2024
878,Annamarie,O'Sullivan,aosullivanod@free.fr,Female,9483048540,Nigeria,6/8/2024
879,Lucille,Finicj,lfinicjoe@usa.gov,Female,7169258587,Indonesia,11/7/2024
880,Celinda,Diamant,cdiamantof@pcworld.com,Female,0568586034,Japan,12/6/2023
881,Dorie,Shedden,dsheddenog@storify.com,Female,7009358524,Philippines,4/25/2024
882,Rafaela,Huortic,rhuorticoh@mac.com,Female,3090513439,Japan,4/1/2024
883,Joanie,Wilton,jwiltonoi@bing.com,Female,5118291984,Indonesia,10/13/2024
884,Tommy,Saenz,tsaenzoj@nyu.edu,Female,5681100480,Ukraine,1/27/2024
885,Neron,Dalyell,ndalyellok@bbb.org,Male,6835543140,Nigeria,1/13/2024
886,Zelda,Mordecai,zmordecaiol@ucoz.com,Female,2614094382,Nigeria,7/10/2024
887,Linnea,Salkild,lsalkildom@sphinn.com,Female,2331352925,Russia,3/13/2024
888,Korrie,Antonikov,kantonikovon@irs.gov,Female,7688737370,China,2/25/2024
889,Scarlet,Shawdforth,sshawdforthoo@ezinearticles.com,Female,1960268341,China,2/9/2024
890,Kele,Shannahan,kshannahanop@list-manage.com,Male,8992272170,Pakistan,6/20/2024
891,Esteban,Gleed,egleedoq@arstechnica.com,Male,1712937111,Philippines,8/25/2024
892,Xylina,Ramel,xramelor@loc.gov,Female,1808959558,Ukraine,1/14/2024
893,Stephie,Maro,smaroos@mozilla.com,Female,8588158442,Indonesia,1/17/2024
894,Yoko,Calton,ycaltonot@freewebs.com,Female,9978886133,Thailand,11/18/2024
895,Karlan,Learoyd,klearoydou@amazon.co.uk,Male,9270718417,China,2/21/2024
896,Joellen,Santino,jsantinoov@twitpic.com,Female,8824251161,Guinea,10/31/2024
897,Shay,Stayte,sstayteow@google.fr,Male,2255084694,Poland,6/25/2024
898,Maiga,Leathard,mleathardox@cocolog-nifty.com,Non-binary,1126623091,Philippines,4/4/2024
899,Marv,Petren,mpetrenoy@whitehouse.gov,Genderqueer,5988923178,Indonesia,1/24/2024
900,Eryn,Thirst,ethirstoz@shinystat.com,Female,4903532569,China,6/5/2024
901,Davidde,Pleace,dpleacep0@timesonline.co.uk,Male,2550101456,Indonesia,11/22/2023
902,Violet,Daud,vdaudp1@webmd.com,Female,6510946157,Philippines,1/13/2024
903,Emlyn,Ancell,eancellp2@examiner.com,Male,4444255463,Peru,5/17/2024
904,Kelwin,O'Hagan,kohaganp3@seesaa.net,Male,8210036963,Dominican Republic,5/25/2024
905,Corinne,Nehls,cnehlsp4@prlog.org,Female,7788598097,China,6/3/2024
906,Sayre,Jodlkowski,sjodlkowskip5@4shared.com,Male,3062746548,China,7/9/2024
907,Eyde,Maudlen,emaudlenp6@wp.com,Female,1855929228,Indonesia,7/15/2024
908,Antonia,Pimlott,apimlottp7@sphinn.com,Bigender,7792764885,Yemen,7/25/2024
909,Bevin,Robins,brobinsp8@indiegogo.com,Male,2561360350,Philippines,1/18/2024
910,Karlie,Absalom,kabsalomp9@webmd.com,Genderqueer,2826170074,Namibia,12/24/2023
911,Clemmy,Roddam,croddampa@umich.edu,Male,9951814875,China,2/24/2024
912,Rudolfo,MacAlpin,rmacalpinpb@businessinsider.com,Male,4076932366,China,5/25/2024
913,Willem,Boerder,wboerderpc@edublogs.org,Male,3445850321,Indonesia,4/1/2024
914,Brendis,Coxen,bcoxenpd@pen.io,Agender,4001803992,Indonesia,12/7/2023
915,Aleta,Cuttle,acuttlepe@macromedia.com,Female,3804781802,Portugal,10/18/2024
916,Bartram,Hinks,bhinkspf@ycombinator.com,Male,9413144850,Tunisia,3/31/2024
917,Willis,Grisenthwaite,wgrisenthwaitepg@trellian.com,Male,4873828902,China,3/29/2024
918,Gale,Phinnis,gphinnisph@who.int,Male,5311690453,Lithuania,5/4/2024
919,Norby,Stokey,nstokeypi@symantec.com,Male,2402860715,Pakistan,5/2/2024
920,Craggy,Bonicelli,cbonicellipj@army.mil,Male,7029626168,Czech Republic,4/19/2024
921,Ami,Isles,aislespk@ebay.co.uk,Female,9432803406,Philippines,7/12/2024
922,Christy,McGilvra,cmcgilvrapl@weibo.com,Male,4258743712,Kuwait,7/15/2024
923,Hynda,Rozzell,hrozzellpm@imgur.com,Female,9692217620,Russia,6/17/2024
924,Thurston,Fuxman,tfuxmanpn@sogou.com,Male,7127175195,Brazil,8/18/2024
925,Cosimo,Spafford,cspaffordpo@ed.gov,Male,7120390694,Poland,10/19/2024
926,Una,Monteath,umonteathpp@miitbeian.gov.cn,Female,9536696207,Indonesia,4/26/2024
927,Garik,Perelli,gperellipq@stanford.edu,Agender,0123876281,Poland,12/29/2023
928,Mic,Collelton,mcolleltonpr@skype.com,Male,0095866272,Poland,7/27/2024
929,Esme,Shorthill,eshorthillps@vimeo.com,Female,8567989531,China,3/18/2024
930,Sioux,Risson,srissonpt@salon.com,Female,4522089384,China,3/25/2024
931,Gordon,Kimmerling,gkimmerlingpu@toplist.cz,Male,4819450018,Indonesia,6/22/2024
932,Willette,Carlson,wcarlsonpv@homestead.com,Non-binary,7291070244,Panama,5/15/2024
933,Cullen,Witch,cwitchpw@pinterest.com,Male,4639869762,Indonesia,12/10/2023
934,Lorilyn,Andraud,landraudpx@jugem.jp,Female,4215918308,China,7/18/2024
935,Lisette,Ollier,lollierpy@abc.net.au,Female,5977634331,China,7/9/2024
936,Silvanus,Blackshaw,sblackshawpz@hc360.com,Male,3582639452,Kenya,5/30/2024
937,Oneida,Egarr,oegarrq0@google.com,Female,2633450180,China,2/29/2024
938,Ase,Domelow,adomelowq1@tinyurl.com,Male,9748013693,Gambia,2/23/2024
939,Alexandra,Proudler,aproudlerq2@google.de,Female,0478517645,China,10/19/2024
940,Kit,Perone,kperoneq3@purevolume.com,Male,2261538839,Russia,10/15/2024
941,Berkeley,Coppenhall,bcoppenhallq4@topsy.com,Male,9153756207,China,5/14/2024
942,Othello,Widd,owiddq5@psu.edu,Male,8908955054,Ukraine,8/23/2024
943,Sheffie,D'Ambrosio,sdambrosioq6@youtu.be,Male,3353758496,Indonesia,8/1/2024
944,Annabela,Gert,agertq7@gov.uk,Female,1404512837,Canada,10/7/2024
945,Isidore,Kleisel,ikleiselq8@w3.org,Male,9761582809,Indonesia,1/11/2024
946,Ban,Wintringham,bwintringhamq9@dropbox.com,Male,9999867103,Macedonia,3/26/2024
947,Aube,Lavall,alavallqa@amazon.co.uk,Male,4481007923,Indonesia,2/27/2024
948,April,Shippard,ashippardqb@google.fr,Female,6798720994,China,4/8/2024
949,Morgana,Ledwith,mledwithqc@shutterfly.com,Female,8930031625,Indonesia,12/17/2023
950,Donelle,Pithie,dpithieqd@oracle.com,Female,3102713394,China,4/1/2024
951,Rupert,Naisbet,rnaisbetqe@desdev.cn,Male,9165033701,Norway,5/14/2024
952,Brittaney,Linfield,blinfieldqf@prlog.org,Female,3194797697,China,4/13/2024
953,Michel,Klaiser,mklaiserqg@goo.gl,Female,6652967499,South Korea,5/13/2024
954,Joyce,Celier,jcelierqh@dropbox.com,Bigender,3100729110,Indonesia,3/30/2024
955,Alyson,Eades,aeadesqi@barnesandnoble.com,Female,2670520286,Vietnam,7/24/2024
956,Batsheva,Yanyshev,byanyshevqj@jimdo.com,Female,0763507741,Nigeria,11/21/2023
957,Thalia,Veness,tvenessqk@hubpages.com,Female,4597753346,United States,8/28/2024
958,Arther,Sharphurst,asharphurstql@gmpg.org,Male,9382569219,Ivory Coast,11/11/2024
959,Jerad,Skase,jskaseqm@free.fr,Male,3172475093,Philippines,2/29/2024
960,Theo,Armistead,tarmisteadqn@walmart.com,Female,4501729724,South Africa,1/26/2024
961,Junia,O'Garmen,jogarmenqo@liveinternet.ru,Female,5067948108,Finland,6/8/2024
962,Audi,Petschelt,apetscheltqp@theglobeandmail.com,Female,8996157740,Syria,8/1/2024
963,Roddy,Spennock,rspennockqq@51.la,Male,1609886712,China,8/22/2024
964,Milly,Litton,mlittonqr@163.com,Female,7794638356,Czech Republic,2/16/2024
965,Clementine,Dillintone,cdillintoneqs@house.gov,Bigender,0219501602,Suriname,7/31/2024
966,Irvin,Balasini,ibalasiniqt@reuters.com,Male,5967920978,China,8/17/2024
967,Ardis,Godbert,agodbertqu@mozilla.com,Female,6666443691,Slovenia,7/18/2024
968,Nickolai,Green,ngreenqv@scientificamerican.com,Male,2198499487,Sweden,9/18/2024
969,Wynny,Costen,wcostenqw@nsw.gov.au,Female,4276348668,Pakistan,11/20/2024
970,Abner,Bowkett,abowkettqx@sun.com,Male,1762473704,Syria,2/23/2024
971,Alisa,Frawley,afrawleyqy@webnode.com,Female,1532786883,Guinea-Bissau,9/10/2024
972,Averill,O Mullen,aomullenqz@storify.com,Male,8159325169,China,2/25/2024
973,Gilli,Dalziell,gdalziellr0@stanford.edu,Female,8203895409,Brazil,3/27/2024
974,Liana,Parrin,lparrinr1@adobe.com,Female,1435144171,Brazil,4/4/2024
975,Devin,Leborgne,dleborgner2@acquirethisname.com,Male,7706291596,Belarus,8/6/2024
976,Enriqueta,Peasgood,epeasgoodr3@sitemeter.com,Female,0016171489,Russia,5/30/2024
977,Benjamen,Bloom,bbloomr4@microsoft.com,Male,8200971554,Indonesia,6/3/2024
978,Carrie,Maggs,cmaggsr5@indiegogo.com,Female,2191372082,China,12/11/2023
979,Phillida,McInnery,pmcinneryr6@phoca.cz,Female,7529731149,China,9/3/2024
980,Hernando,Gounin,hgouninr7@fda.gov,Male,4251280725,Sweden,1/1/2024
981,Isa,Robilart,irobilartr8@geocities.jp,Male,7484111783,Nicaragua,1/26/2024
982,Greggory,Tregea,gtregear9@tamu.edu,Male,6001915962,Argentina,12/6/2023
983,Nestor,Draude,ndraudera@unicef.org,Male,0615678858,Pakistan,1/17/2024
984,Elayne,Sissons,esissonsrb@amazon.co.jp,Female,6502928668,Brazil,1/15/2024
985,Leandra,Tilston,ltilstonrc@bigcartel.com,Female,0158031776,Argentina,9/2/2024
986,Mildred,Twiddell,mtwiddellrd@surveymonkey.com,Female,8114963492,Czech Republic,6/18/2024
987,Pattie,Bichener,pbichenerre@behance.net,Bigender,9097135133,Serbia,12/6/2023
988,Lyle,Ginnally,lginnallyrf@cdbaby.com,Male,6175614135,Poland,5/6/2024
989,Natka,Minards,nminardsrg@narod.ru,Female,4554905438,Brazil,4/7/2024
990,Carrol,Klouz,cklouzrh@cbc.ca,Male,4720171648,Czech Republic,3/30/2024
991,Margy,Twiddy,mtwiddyri@oracle.com,Female,4251126203,Portugal,5/22/2024
992,Stephie,Whitford,swhitfordrj@buzzfeed.com,Female,7333804844,Brazil,1/21/2024
993,Anet,Perillo,aperillork@symantec.com,Bigender,6520007706,Vietnam,9/17/2024
994,Shelly,Clowley,sclowleyrl@sciencedaily.com,Female,6575968783,Vietnam,5/30/2024
995,Radcliffe,Beccero,rbeccerorm@webmd.com,Male,4060889237,Mexico,6/1/2024
996,Ingemar,Merrgan,imerrganrn@furl.net,Male,3056903017,Indonesia,10/8/2024
997,Tannie,Pearl,tpearlro@usgs.gov,Male,1881349756,Indonesia,3/1/2024
998,Clari,Pullinger,cpullingerrp@earthlink.net,Female,2193100179,Russia,5/2/2024
999,Jeffy,Jeavons,jjeavonsrq@europa.eu,Male,2474950419,China,1/7/2024
1000,Nanci,Chopping,nchoppingrr@wiley.com,Female,5443823094,China,6/26/2024
